"p","U:0","U:1","U:2","Points:0","Points:1","Points:2"
0.045384,1.0004,0,0,-2.7707,-5,0.05
0.045595,1,0,0,-3,-5,0.05
0.046509,1.0004,-0.0012277,0,-2.7707,-4.5707,0.05
0.046726,1,0,0,-3,-4.5707,0.05
0.044675,1.0013,0,0,-2.5414,-5,0.05
0.045781,1.0014,-0.0023497,0,-2.5414,-4.5707,0.05
0.049952,1.0004,-0.0025214,0,-2.7707,-4.1414,0.05
0.050185,1,0,0,-3,-4.1414,0.05
0.043367,1.0029,0,0,-2.3121,-5,0.05
0.044436,1.0029,-0.0034821,0,-2.3121,-4.5707,0.05
0.049167,1.0015,-0.0048279,0,-2.5414,-4.1414,0.05
0.055898,1.0005,-0.0039397,0,-2.7707,-3.7121,0.05
0.056157,1,0,0,-3,-3.7121,0.05
0.041444,1.005,0,0,-2.0828,-5,0.05
0.042457,1.0051,-0.0045817,0,-2.0828,-4.5707,0.05
0.047716,1.0032,-0.0071609,0,-2.3121,-4.1414,0.05
0.055026,1.0016,-0.0075522,0,-2.5414,-3.7121,0.05
0.064629,1.0005,-0.0055256,0,-2.7707,-3.2828,0.05
0.064918,1,0,0,-3,-3.2828,0.05
0.03893,1.0077,0,0,-1.8536,-5,0.05
0.039868,1.0079,-0.0056198,0,-1.8536,-4.5707,0.05
0.045576,1.0056,-0.0094337,0,-2.0828,-4.1414,0.05
0.053409,1.0035,-0.011222,0,-2.3121,-3.7121,0.05
0.063652,1.0018,-0.010612,0,-2.5414,-3.2828,0.05
0.076495,1.0006,-0.0072882,0,-2.7707,-2.8536,0.05
0.076811,1,0,0,-3,-2.8536,0.05
0.035864,1.011,0,0,-1.6243,-5,0.05
0.036706,1.0113,-0.0065711,0,-1.6243,-4.5707,0.05
0.042768,1.0086,-0.011588,0,-1.8536,-4.1414,0.05
0.051015,1.0062,-0.014818,0,-2.0828,-3.7121,0.05
0.061833,1.004,-0.015813,0,-2.3121,-3.2828,0.05
0.075426,1.002,-0.014037,0,-2.5414,-2.8536,0.05
0.091822,1.0006,-0.0091582,0,-2.7707,-2.4243,0.05
0.09214,1,0,0,-3,-2.4243,0.05
0.032292,1.0147,0,0,-1.395,-5,0.05
0.033016,1.0152,-0.0074106,0,-1.395,-4.5707,0.05
0.039324,1.0123,-0.013572,0,-1.6243,-4.1414,0.05
0.047854,1.0097,-0.018254,0,-1.8536,-3.7121,0.05
0.059119,1.007,-0.02096,0,-2.0828,-3.2828,0.05
0.073421,1.0044,-0.021008,0,-2.3121,-2.8536,0.05
0.090738,1.002,-0.017714,0,-2.5414,-2.4243,0.05
0.11071,1.0005,-0.010927,0,-2.7707,-1.995,0.05
0.11097,1,0,0,-3,-1.995,0.05
0.028267,1.0189,0,0,-1.1657,-5,0.05
0.028852,1.0195,-0.0081132,0,-1.1657,-4.5707,0.05
0.035286,1.0165,-0.015333,0,-1.395,-4.1414,0.05
0.043948,1.0138,-0.021447,0,-1.6243,-3.7121,0.05
0.055499,1.011,-0.025937,0,-1.8536,-3.2828,0.05
0.070393,1.0078,-0.02801,0,-2.0828,-2.8536,0.05
0.088676,1.0045,-0.026684,0,-2.3121,-2.4243,0.05
0.1098,1.0017,-0.021269,0,-2.5414,-1.995,0.05
0.13273,1.0002,-0.012091,0,-2.7707,-1.5657,0.05
0.13282,1,0,0,-3,-1.5657,0.05
0.023858,1.0233,0,0,-0.9364,-5,0.05
0.024281,1.0241,-0.0086541,0,-0.9364,-4.5707,0.05
0.030708,1.0213,-0.016818,0,-1.1657,-4.1414,0.05
0.039329,1.0187,-0.024311,0,-1.395,-3.7121,0.05
0.050966,1.0159,-0.030632,0,-1.6243,-3.2828,0.05
0.066281,1.0123,-0.03491,0,-1.8536,-2.8536,0.05
0.085493,1.0081,-0.035889,0,-2.0828,-2.4243,0.05
0.10802,1.0039,-0.032346,0,-2.3121,-1.995,0.05
0.13237,1.0007,-0.023749,0,-2.5414,-1.5657,0.05
0.15607,0.9996,-0.011985,0,-2.7707,-1.1364,0.05
0.15582,1,0,0,-3,-1.1364,0.05
0.019333,1.0291,-0.0089496,-2.1563e-21,-0.70711,-4.5707,0.05
0.019146,1.028,0,1.3869e-21,-0.70711,-5,0.05
0.025659,1.0265,-0.017973,0,-0.9364,-4.1414,0.05
0.034044,1.0243,-0.026752,0,-1.1657,-3.7121,0.05
0.045526,1.0217,-0.03491,0,-1.395,-3.2828,0.05
0.061021,1.0181,-0.041564,0,-1.6243,-2.8536,0.05
0.081037,1.0131,-0.045212,0,-1.8536,-2.4243,0.05
0.10513,1.0072,-0.044065,0,-2.0828,-1.995,0.05
0.13156,1.0017,-0.036607,0,-2.3121,-1.5657,0.05
0.15682,0.99869,-0.023859,0,-2.5414,-1.1364,0.05
0.17758,0.9987,-0.0092982,-4.5442e-21,-2.7707,-0.70711,0.05
0.17686,1,0,0,-3,-0.70711,0.05
0.020131,1.0319,-0.01855,9.6644e-21,-0.70711,-4.1414,0.05
0.014132,1.0341,-0.0087984,-3.3415e-21,-0.47426,-4.5866,0.05
0.014115,1.033,0,-1.9335e-21,-0.4714,-5,0.05
0.028167,1.0304,-0.028673,0,-0.9364,-3.7121,0.05
0.039205,1.0283,-0.038618,0,-1.1657,-3.2828,0.05
0.05455,1.025,-0.047781,0,-1.395,-2.8536,0.05
0.075121,1.0196,-0.0545,0,-1.6243,-2.4243,0.05
0.10085,1.012,-0.056399,0,-1.8536,-1.995,0.05
0.12996,1.0037,-0.05079,0,-2.0828,-1.5657,0.05
0.15802,0.99739,-0.037492,0,-2.3121,-1.1364,0.05
0.18013,0.9956,-0.018882,-4.6402e-20,-2.5414,-0.70711,0.05
0.18917,0.99846,-0.0045606,-1.0355e-20,-2.7924,-0.35647,0.05
0.18825,1,0,0,-3,-0.35355,0.05
0.021608,1.0368,-0.029588,-6.9053e-21,-0.70711,-3.7121,0.05
0.014355,1.0372,-0.018138,5.1388e-21,-0.47712,-4.1732,0.05
0.0088397,1.0392,-0.0086179,-1.4689e-21,-0.23801,-4.5966,0.05
0.0089498,1.038,0,-2.8738e-21,-0.2357,-5,0.05
0.032068,1.036,-0.041583,0,-0.9364,-3.2828,0.05
0.046834,1.0332,-0.053318,0,-1.1657,-2.8536,0.05
0.067541,1.0278,-0.063512,0,-1.395,-2.4243,0.05
0.094764,1.0187,-0.069258,0,-1.6243,-1.995,0.05
0.12708,1.007,-0.066528,0,-1.8536,-1.5657,0.05
0.15934,0.99604,-0.053388,0,-2.0828,-1.1364,0.05
0.18463,0.99045,-0.030458,1.5397e-21,-2.3121,-0.70711,0.05
0.19209,0.99466,-0.0092866,-6.862e-20,-2.5848,-0.35938,0.05
0.1924,0.99861,8.3441e-07,-1.1435e-20,-2.8,0,0.05
0.19164,1,0,0,-3,0,0.05
0.023875,1.0438,-0.042949,-5.4038e-21,-0.70711,-3.2828,0.05
0.014775,1.0425,-0.028783,3.4206e-21,-0.47998,-3.7598,0.05
0.0086113,1.0427,-0.017749,-2.9983e-21,-0.24033,-4.1932,0.05
0.0035045,1.0443,-0.008444,-7.8069e-24,0,-4.6,0.05
0.0037382,1.043,0,5.3508e-22,0,-5,0.05
0.037897,1.0429,-0.057872,0,-0.9364,-2.8536,0.05
0.058106,1.0379,-0.071882,0,-1.1657,-2.4243,0.05
0.086384,1.0278,-0.0824,0,-1.395,-1.995,0.05
0.12218,1.0124,-0.084009,0,-1.6243,-1.5657,0.05
0.16019,0.99527,-0.072324,0,-1.8536,-1.1364,0.05
0.1911,0.98317,-0.04491,6.229e-21,-2.0828,-0.70711,0.05
0.19755,0.98807,-0.015006,-1.2695e-21,-2.3772,-0.36229,0.05
0.19498,0.99505,1.904e-06,1.4943e-22,-2.6,0,0.05
0.18917,0.99846,0.0045619,9.3729e-21,-2.7924,0.35647,0.05
0.18825,1,0,0,-3,0.35355,0.05
0.027242,1.0529,-0.059958,5.9109e-21,-0.70711,-2.8536,0.05
0.015314,1.0504,-0.041514,-8.1053e-21,-0.48284,-3.3464,0.05
0.008186,1.0487,-0.028077,4.7749e-21,-0.24264,-3.7898,0.05
0.0028588,1.0483,-0.017372,-6.3199e-22,0,-4.2,0.05
-0.0017572,1.0495,-0.0083604,6.8819e-22,0.23801,-4.5966,0.05
-0.0013988,1.048,0,6.497e-22,0.2357,-5,0.05
0.046702,1.0504,-0.079094,0,-0.9364,-2.4243,0.05
0.075174,1.0398,-0.09535,0,-1.1657,-1.995,0.05
0.11423,1.0209,-0.10323,0,-1.395,-1.5657,0.05
0.15948,0.99609,-0.095263,0,-1.6243,-1.1364,0.05
0.19941,0.97382,-0.063596,-5.9835e-19,-1.8536,-0.70711,0.05
0.20592,0.97823,-0.022254,-1.1501e-19,-2.1696,-0.36521,0.05
0.20002,0.98872,3.198e-06,1.2188e-22,-2.4,0,0.05
0.19209,0.99466,0.00929,7.0239e-20,-2.5848,0.35938,0.05
0.17758,0.9987,0.0092995,1.7136e-20,-2.7707,0.70711,0.05
0.17686,1,0,0,-3,0.70711,0.05
0.032407,1.0637,-0.08254,-7.1802e-22,-0.70711,-2.4243,0.05
0.015959,1.061,-0.057544,5.3729e-21,-0.4857,-2.933,0.05
0.0073331,1.0576,-0.040285,5.3514e-21,-0.24495,-3.3864,0.05
0.0016927,1.055,-0.027389,6.1697e-22,0,-3.8,0.05
-0.0027913,1.054,-0.01713,-8.2109e-22,0.24033,-4.1932,0.05
-0.0068272,1.0547,-0.0083866,-2.0042e-21,0.47426,-4.5866,0.05
-0.0063775,1.0529,0,-5.3811e-23,0.4714,-5,0.05
0.060619,1.0559,-0.10729,0,-0.9364,-1.995,0.05
0.10196,1.0338,-0.12385,0,-1.1657,-1.5657,0.05
0.15543,1.0001,-0.12325,0,-1.395,-1.1364,0.05
0.20907,0.96279,-0.088388,1.7763e-19,-1.6243,-0.70711,0.05
0.21759,0.96451,-0.031896,-4.2027e-19,-1.9619,-0.36812,0.05
0.20805,0.97901,4.6952e-06,-1.2164e-19,-2.2,0,0.05
0.19755,0.98807,0.015011,-1.2694e-21,-2.3772,0.36229,0.05
0.18013,0.9956,0.018885,4.4146e-20,-2.5414,0.70711,0.05
0.15607,0.9996,0.011987,0,-2.7707,1.1364,0.05
0.15582,1,0,0,-3,1.1364,0.05
0.041057,1.0738,-0.11363,4.1548e-20,-0.70711,-1.995,0.05
0.016784,1.0744,-0.078641,-1.2284e-22,-0.48856,-2.5196,0.05
0.0057288,1.07,-0.055478,-3.581e-21,-0.24726,-2.983,0.05
-0.00035641,1.0652,-0.039075,3.2366e-21,0,-3.4,0.05
-0.0046147,1.0617,-0.026908,3.9929e-21,0.24264,-3.7898,0.05
-0.0081481,1.0599,-0.017071,3.0986e-21,0.47712,-4.1732,0.05
-0.011739,1.0594,-0.0082368,-2.8746e-21,0.70711,-4.5707,0.05
-0.011277,1.0575,0,-5.9677e-22,0.70711,-5,0.05
0.083805,1.0531,-0.14482,0,-0.9364,-1.5657,0.05
0.1452,1.0098,-0.15725,0,-1.1657,-1.1364,0.05
0.21879,0.95117,-0.12171,4.4986e-19,-1.395,-0.70711,0.05
0.23302,0.94612,-0.045253,-4.0135e-20,-1.7543,-0.37103,0.05
0.21955,0.96514,5.9412e-06,-2.3534e-20,-2,0,0.05
0.20592,0.97823,0.022263,9.9218e-22,-2.1696,0.36521,0.05
0.18463,0.99045,0.030464,1.5397e-21,-2.3121,0.70711,0.05
0.15682,0.99869,0.023862,0,-2.5414,1.1364,0.05
0.13272,1.0002,0.012094,0,-2.7707,1.5657,0.05
0.13281,1,0,0,-3,1.5657,0.05
0.057332,1.0771,-0.15728,7.0025e-20,-0.70711,-1.5657,0.05
0.018104,1.0896,-0.10775,2.7204e-20,-0.49142,-2.1062,0.05
0.0028478,1.0863,-0.075169,1.0692e-21,-0.24957,-2.5796,0.05
-0.0038657,1.0795,-0.0534,1.0651e-21,0,-3,0.05
-0.0077099,1.0733,-0.038167,3.6133e-21,0.24495,-3.3864,0.05
-0.010475,1.0689,-0.026695,1.3555e-21,0.47998,-3.7598,0.05
-0.01339,1.0654,-0.016705,5.0341e-21,0.70711,-4.1414,0.05
-0.016244,1.0634,-0.0076151,0,0.91362,-4.5707,0.05
-0.015575,1.0613,0,0,0.91362,-5,0.05
0.12419,1.0282,-0.19776,0,-0.9364,-1.1364,0.05
0.22591,0.9413,-0.16642,7.857e-21,-1.1657,-0.70711,0.05
0.25269,0.92205,-0.064388,5.9371e-19,-1.5467,-0.37394,0.05
0.23532,0.94575,6.6686e-06,1.1806e-19,-1.8,0,0.05
0.21759,0.96451,0.031907,-9.2399e-22,-1.9619,0.36812,0.05
0.19109,0.98317,0.044918,6.2289e-21,-2.0828,0.70711,0.05
0.15801,0.99739,0.037497,0,-2.3121,1.1364,0.05
0.13237,1.0007,0.023752,0,-2.5414,1.5657,0.05
0.11069,1.0005,0.01093,0,-2.7707,1.995,0.05
0.11095,1,0,0,-3,1.995,0.05
0.087876,1.0585,-0.22649,2.8986e-20,-0.70711,-1.1364,0.05
0.021734,1.1036,-0.14868,6.9871e-20,-0.49428,-1.6928,0.05
-0.0024215,1.1068,-0.10199,5.888e-23,-0.25188,-2.1761,0.05
-0.0098108,1.0988,-0.071548,-7.177e-22,0,-2.6,0.05
-0.012857,1.0899,-0.051716,-6.0705e-21,0.24726,-2.983,0.05
-0.014404,1.0824,-0.037589,1.0636e-20,0.48284,-3.3464,0.05
-0.016385,1.0756,-0.02599,-6.3662e-21,0.70711,-3.7121,0.05
-0.018219,1.0696,-0.015387,0,0.91362,-4.1414,0.05
-0.020277,1.0671,-0.0069946,0,1.1201,-4.5707,0.05
-0.019552,1.0649,0,0,1.1201,-5,0.05
0.22506,0.93319,-0.22729,-1.8399e-18,-0.9364,-0.70711,0.05
0.27689,0.89128,-0.092449,3.3174e-21,-1.3391,-0.37686,0.05
0.25664,0.91866,7.3356e-06,2.767e-19,-1.6,4.6259e-18,0.05
0.23302,0.94611,0.045268,3.0654e-21,-1.7543,0.37103,0.05
0.19941,0.97382,0.063609,9.2239e-21,-1.8536,0.70711,0.05
0.15934,0.99605,0.053395,0,-2.0828,1.1364,0.05
0.13155,1.0017,0.036611,0,-2.3121,1.5657,0.05
0.10979,1.0017,0.021274,0,-2.5414,1.995,0.05
0.091791,1.0006,0.0091613,0,-2.7707,2.4243,0.05
0.092107,1,0,0,-3,2.4243,0.05
0.19146,0.95262,-0.3002,-2.5652e-18,-0.70711,-0.70711,0.05
0.029358,1.1078,-0.21134,4.1234e-20,-0.49714,-1.2794,0.05
-0.01176,1.1315,-0.13918,-2.0984e-20,-0.2542,-1.7727,0.05
-0.020197,1.1241,-0.095377,7.0784e-22,0,-2.2,0.05
-0.021373,1.1125,-0.068331,2.7014e-20,0.24957,-2.5796,0.05
-0.020934,1.1016,-0.050259,8.6544e-21,0.4857,-2.933,0.05
-0.021432,1.0911,-0.036255,1.9659e-20,0.70711,-3.2828,0.05
-0.021829,1.0802,-0.023755,0,0.91362,-3.7121,0.05
-0.022438,1.0734,-0.014079,0,1.1201,-4.1414,0.05
-0.023875,1.0703,-0.0063474,0,1.3266,-4.5707,0.05
-0.023123,1.0681,0,0,1.3266,-5,0.05
0.30512,0.84948,-0.1356,-1.0823e-18,-1.1315,-0.37977,0.05
0.2854,0.88064,8.8903e-06,2.0494e-20,-1.4,4.6259e-18,0.05
0.25269,0.92205,0.064405,3.0173e-19,-1.5467,0.37394,0.05
0.20906,0.9628,0.088404,-3.4981e-21,-1.6243,0.70711,0.05
0.16018,0.99527,0.072334,0,-1.8536,1.1364,0.05
0.12995,1.0037,0.050794,0,-2.0828,1.5657,0.05
0.108,1.0039,0.032351,0,-2.3121,1.995,0.05
0.090712,1.002,0.017718,0,-2.5414,2.4243,0.05
0.076455,1.0006,0.0072897,0,-2.7707,2.8536,0.05
0.076769,1,0,0,-3,2.8536,0.05
0.04979,1.0813,-0.31167,-4.8676e-19,-0.5,-0.86603,0.05
0.33639,0.79956,-0.19702,-3.1499e-18,-0.92388,-0.38268,0.05
-0.028749,1.1572,-0.18992,5.4446e-20,-0.25651,-1.3693,0.05
-0.038976,1.156,-0.12631,-2.0318e-20,0,-1.8,0.05
-0.035701,1.1418,-0.088601,8.635e-21,0.25188,-2.1761,0.05
-0.031804,1.127,-0.064737,1.2895e-20,0.48856,-2.5196,0.05
-0.02978,1.1127,-0.047662,1.8418e-21,0.70711,-2.8536,0.05
-0.027759,1.0961,-0.032699,0,0.91362,-3.2828,0.05
-0.026358,1.0843,-0.021581,0,1.1201,-3.7121,0.05
-0.026113,1.0767,-0.012725,0,1.3266,-4.1414,0.05
-0.027106,1.0732,-0.0056888,0,1.5331,-4.5707,0.05
-0.026341,1.071,0,0,1.5331,-5,0.05
0.32388,0.82459,1.1928e-05,-2.9619e-19,-1.2,2.313e-18,0.05
0.27689,0.89128,0.092469,-3.4915e-20,-1.3391,0.37686,0.05
0.21878,0.95118,0.12173,4.399e-21,-1.395,0.70711,0.05
0.15947,0.9961,0.095275,0,-1.6243,1.1364,0.05
0.12707,1.007,0.066533,0,-1.8536,1.5657,0.05
0.10512,1.0072,0.04407,0,-2.0828,1.995,0.05
0.088655,1.0045,0.026688,0,-2.3121,2.4243,0.05
0.075391,1.002,0.014039,0,-2.5414,2.8536,0.05
0.064586,1.0005,0.0055261,0,-2.7707,3.2828,0.05
0.064874,1,0,0,-3,3.2828,0.05
-0.072729,1.18,-0.27101,-2.1264e-19,-0.25882,-0.96593,0.05
0.21903,0.90818,-0.38803,-9.2154e-19,-0.58619,-0.58619,0.05
0.028008,1.0752,-0.39145,1.9639e-19,-0.4145,-0.71793,0.05
0.37745,0.74733,1.609e-05,2.0927e-20,-1,0,0.05
0.39378,0.72526,-0.25494,-1.5039e-18,-0.76589,-0.31724,0.05
-0.073309,1.1934,-0.15968,-1.626e-20,0,-1.4,0.05
-0.060215,1.177,-0.11056,-1.1648e-19,0.2542,-1.7727,0.05
-0.050043,1.1577,-0.079861,4.9968e-20,0.49142,-2.1062,0.05
-0.04342,1.1401,-0.059465,-1.5593e-20,0.70711,-2.4243,0.05
-0.037168,1.1181,-0.042245,0,0.91362,-2.8536,0.05
-0.032595,1.1004,-0.029352,0,1.1201,-3.2828,0.05
-0.030132,1.0877,-0.019386,0,1.3266,-3.7121,0.05
-0.029371,1.0796,-0.011357,0,1.5331,-4.1414,0.05
-0.030007,1.0758,-0.005028,0,1.7397,-4.5707,0.05
-0.029238,1.0736,0,0,1.7397,-5,0.05
0.30511,0.84949,0.13562,8.1923e-19,-1.1315,0.37977,0.05
0.2259,0.94131,0.16644,7.857e-21,-1.1657,0.70711,0.05
0.15542,1.0001,0.12326,0,-1.395,1.1364,0.05
0.12216,1.0124,0.084015,0,-1.6243,1.5657,0.05
0.10084,1.012,0.056403,0,-1.8536,1.995,0.05
0.085475,1.0081,0.035893,0,-2.0828,2.4243,0.05
0.073392,1.0044,0.021012,0,-2.3121,2.8536,0.05
0.063612,1.0018,0.010613,0,-2.5414,3.2828,0.05
0.055853,1.0005,0.0039397,0,-2.7707,3.7121,0.05
0.05611,1,0,0,-3,3.7121,0.05
-0.15283,1.2323,-0.20148,2.2702e-19,0,-1,0.05
-0.14282,1.2077,-0.32484,4.5955e-20,-0.21456,-0.80075,0.05
0.22423,0.88095,-0.48456,1.7836e-18,-0.50381,-0.50381,0.05
-0.025974,1.0885,-0.46984,4.1182e-19,-0.35625,-0.61704,0.05
0.33638,0.79958,0.19705,3.14e-18,-0.92388,0.38268,0.05
0.45016,0.65143,2.0614e-05,-4.8164e-19,-0.829,-9.2519e-18,0.05
0.45839,0.64273,-0.33702,4.3612e-19,-0.65826,-0.27266,0.05
-0.10493,1.2139,-0.12489,-9.4987e-20,0.25651,-1.3693,0.05
-0.079665,1.1878,-0.090392,-9.6744e-20,0.49428,-1.6928,0.05
-0.065868,1.17,-0.069695,8.8152e-20,0.70711,-1.995,0.05
-0.051444,1.1451,-0.05132,0,0.91362,-2.4243,0.05
-0.042145,1.1223,-0.037427,0,1.1201,-2.8536,0.05
-0.036327,1.1038,-0.026065,0,1.3266,-3.2828,0.05
-0.03341,1.0907,-0.017212,0,1.5331,-3.7121,0.05
-0.032266,1.0822,-0.0099892,0,1.7397,-4.1414,0.05
-0.032579,1.078,-0.0043739,0,1.9462,-4.5707,0.05
-0.031811,1.0758,0,0,1.9462,-5,0.05
0.22505,0.93321,0.22731,1.8097e-18,-0.9364,0.70711,0.05
0.14519,1.0098,0.15726,0,-1.1657,1.1364,0.05
0.11422,1.021,0.10324,0,-1.395,1.5657,0.05
0.094746,1.0187,0.069262,0,-1.6243,1.995,0.05
0.081019,1.0131,0.045216,0,-1.8536,2.4243,0.05
0.070367,1.0078,0.028015,0,-2.0828,2.8536,0.05
0.061797,1.004,0.015815,0,-2.3121,3.2828,0.05
0.054983,1.0016,0.0075526,0,-2.5414,3.7121,0.05
0.049907,1.0004,0.002521,0,-2.7707,4.1414,0.05
0.05014,1,0,0,-3,4.1414,0.05
-0.18919,1.2307,-0.12574,5.5946e-19,0.25882,-0.96593,0.05
-0.2395,1.2603,-0.2196,3.6685e-19,0,-0.829,0.05
-0.2322,1.2448,-0.36539,2.3528e-19,-0.18441,-0.68821,0.05
0.2142,0.86403,-0.58813,-8.5295e-19,-0.44768,-0.44768,0.05
-0.095086,1.1129,-0.55169,1.7656e-19,-0.31656,-0.5483,0.05
0.19144,0.95264,0.30022,2.5498e-18,-0.70711,0.70711,0.05
0.39376,0.72528,0.25497,1.0222e-18,-0.76589,0.31724,0.05
0.52842,0.54261,2.4139e-05,-4.571e-19,-0.71249,-9.2519e-18,0.05
0.51103,0.56241,-0.42948,-2.4919e-19,-0.58493,-0.24228,0.05
-0.13428,1.2067,-0.088573,-5.2904e-20,0.49714,-1.2794,0.05
-0.097773,1.1897,-0.070241,-3.3841e-20,0.70711,-1.5657,0.05
-0.073589,1.1737,-0.05921,0,0.91362,-1.995,0.05
-0.055578,1.1483,-0.044347,0,1.1201,-2.4243,0.05
-0.045594,1.1255,-0.032933,0,1.3266,-2.8536,0.05
-0.039458,1.1066,-0.022869,0,1.5331,-3.2828,0.05
-0.03629,1.0932,-0.015078,0,1.7397,-3.7121,0.05
-0.034801,1.0845,-0.0086369,0,1.9462,-4.1414,0.05
-0.034817,1.08,-0.0037349,0,2.1527,-4.5707,0.05
-0.034057,1.0778,0,0,2.1527,-5,0.05
0.12418,1.0282,0.19778,0,-0.9364,1.1364,0.05
0.10194,1.0338,0.12386,0,-1.1657,1.5657,0.05
0.086364,1.0278,0.082404,0,-1.395,1.995,0.05
0.075101,1.0196,0.054504,0,-1.6243,2.4243,0.05
0.066257,1.0123,0.034915,0,-1.8536,2.8536,0.05
0.059086,1.007,0.020963,0,-2.0828,3.2828,0.05
0.053368,1.0035,0.011223,0,-2.3121,3.7121,0.05
0.049123,1.0015,0.0048277,0,-2.5414,4.1414,0.05
0.046466,1.0004,0.0012274,0,-2.7707,4.5707,0.05
0.046683,1,0,0,-3,4.5707,0.05
-0.20475,1.1613,-0.06144,-3.7253e-21,0.5,-0.86603,0.05
-0.26516,1.2245,-0.11092,-3.9288e-19,0.21456,-0.80075,0.05
-0.33407,1.2858,-0.21646,1.7191e-19,0,-0.71249,0.05
-0.334,1.2851,-0.40249,5.1982e-19,-0.16386,-0.61155,0.05
0.1887,0.85393,-0.68401,-2.0361e-18,-0.40944,-0.40944,0.05
-0.1736,1.1334,-0.61805,2.9062e-19,-0.28952,-0.50147,0.05
0.087867,1.0585,0.22651,-2.8979e-20,-0.70711,1.1364,0.05
0.21902,0.90822,0.38804,9.2148e-19,-0.58619,0.58619,0.05
0.45837,0.64276,0.33706,-8.931e-19,-0.65826,0.27266,0.05
0.59624,0.43065,2.4664e-05,3.8163e-19,-0.63312,0,0.05
0.545,0.49044,-0.52667,2.3674e-18,-0.53497,-0.22159,0.05
-0.1579,1.1847,-0.064056,-4.396e-20,0.70711,-1.1364,0.05
-0.099084,1.1884,-0.056186,0,0.91362,-1.5657,0.05
-0.075895,1.1749,-0.050934,0,1.1201,-1.995,0.05
-0.057744,1.1504,-0.038079,0,1.3266,-2.4243,0.05
-0.048421,1.1281,-0.028724,0,1.5331,-2.8536,0.05
-0.042148,1.1091,-0.019765,0,1.7397,-3.2828,0.05
-0.038775,1.0954,-0.013,0,1.9462,-3.7121,0.05
-0.036971,1.0863,-0.0073137,0,2.1527,-4.1414,0.05
-0.036722,1.0816,-0.0031166,0,2.3592,-4.5707,0.05
-0.035972,1.0794,0,0,2.3592,-5,0.05
0.083786,1.0531,0.14483,0,-0.9364,1.5657,0.05
0.075152,1.0398,0.095355,0,-1.1657,1.995,0.05
0.067518,1.0278,0.063516,0,-1.395,2.4243,0.05
0.060996,1.0181,0.041568,0,-1.6243,2.8536,0.05
0.055467,1.011,0.025942,0,-1.8536,3.2828,0.05
0.050975,1.0062,0.01482,0,-2.0828,3.7121,0.05
0.047673,1.0032,0.0071611,0,-2.3121,4.1414,0.05
0.045737,1.0014,0.0023494,0,-2.5414,4.5707,0.05
0.045341,1.0004,0,0,-2.7707,5,0.05
0.045553,1,0,0,-3,5,0.05
-0.18309,0.91779,-0.0039377,-5.3952e-19,0.70711,-0.70711,0.05
-0.25374,1.088,-0.02283,-2.1296e-19,0.4145,-0.71793,0.05
-0.34289,1.1996,-0.076144,-7.4072e-19,0.18441,-0.68821,0.05
-0.43808,1.2945,-0.20252,-2.0207e-19,0,-0.63312,0.05
-0.43949,1.2967,-0.42015,-1.9507e-19,-0.14987,-0.55931,0.05
0.15378,0.80342,-0.72876,1.1076e-18,-0.38339,-0.38339,0.05
-0.25136,1.0719,-0.63,1.1249e-18,-0.2711,-0.46956,0.05
0.049785,1.0813,0.31168,4.3245e-19,-0.5,0.86603,0.05
0.029353,1.1079,0.21135,-4.2062e-20,-0.49714,1.2794,0.05
0.057318,1.0771,0.15729,-1.6232e-20,-0.70711,1.5657,0.05
0.22421,0.881,0.48458,-1.7835e-18,-0.50381,0.50381,0.05
0.027998,1.0752,0.39146,-2.3968e-19,-0.4145,0.71793,0.05
0.51102,0.56244,0.42953,6.3073e-19,-0.58493,0.24228,0.05
0.64568,0.32572,2.1274e-05,3.7478e-19,-0.57904,0,0.05
0.56183,0.41158,-0.58964,-4.0555e-18,-0.50093,-0.20749,0.05
-0.14205,1.1726,-0.05486,0,0.91362,-1.1364,0.05
-0.095609,1.1848,-0.046009,0,1.1201,-1.5657,0.05
-0.076013,1.175,-0.043838,0,1.3266,-1.995,0.05
-0.059488,1.1521,-0.032368,0,1.5331,-2.4243,0.05
-0.050836,1.1303,-0.024745,0,1.7397,-2.8536,0.05
-0.044397,1.1111,-0.016765,0,1.9462,-3.2828,0.05
-0.040867,1.0973,-0.010996,0,2.1527,-3.7121,0.05
-0.038785,1.0879,-0.0060292,0,2.3592,-4.1414,0.05
-0.038302,1.0829,-0.002523,0,2.5657,-4.5707,0.05
-0.03756,1.0808,0,0,2.5657,-5,0.05
0.060597,1.0559,0.10729,0,-0.9364,1.995,0.05
0.058081,1.0379,0.071886,0,-1.1657,2.4243,0.05
0.054524,1.025,0.047785,0,-1.395,2.8536,0.05
0.050935,1.0159,0.030636,0,-1.6243,3.2828,0.05
0.047816,1.0097,0.018256,0,-1.8536,3.7121,0.05
0.045534,1.0056,0.0094342,0,-2.0828,4.1414,0.05
0.044392,1.0029,0.0034819,0,-2.3121,4.5707,0.05
0.044631,1.0013,0,0,-2.5414,5,0.05
-0.14948,0.83706,-0.0033693,-1.8836e-18,0.91362,-0.70711,0.05
-0.23178,0.78271,0.032809,1.4241e-18,0.58619,-0.58619,0.05
-0.31193,0.97945,0.017484,-1.0191e-18,0.35625,-0.61704,0.05
-0.42437,1.1293,-0.034134,-5.1485e-19,0.16386,-0.61155,0.05
-0.54263,1.2424,-0.17565,-1.6455e-19,0,-0.57904,0.05
-0.53394,1.1798,-0.39456,-6.8541e-19,-0.14033,-0.52373,0.05
0.12599,0.58397,-0.56388,-7.4839e-18,-0.36565,-0.36565,0.05
-0.30566,0.76182,-0.46177,-4.3625e-19,-0.25855,-0.44782,0.05
-0.072734,1.18,0.27102,2.4071e-19,-0.25882,0.96593,0.05
-0.028748,1.1572,0.18992,-4.9847e-20,-0.25651,1.3693,0.05
0.02173,1.1036,0.14869,1.6787e-20,-0.49428,1.6928,0.05
0.04104,1.0738,0.11364,4.1538e-20,-0.70711,1.995,0.05
0.21419,0.8641,0.58817,8.529e-19,-0.44768,0.44768,0.05
-0.025989,1.0886,0.46986,-4.1182e-19,-0.35625,0.61704,0.05
-0.14283,1.2078,0.32484,-4.6092e-20,-0.21456,0.80075,0.05
0.545,0.49048,0.52672,-1.9928e-18,-0.53497,0.22159,0.05
0.67623,0.22652,1.4948e-05,-2.3861e-18,-0.5422,4.6259e-18,0.05
0.56864,0.27508,-0.46881,-1.1786e-17,-0.47774,-0.19789,0.05
-0.126,1.1587,-0.046834,0,1.1201,-1.1364,0.05
-0.092111,1.182,-0.038129,0,1.3266,-1.5657,0.05
-0.076159,1.1752,-0.037467,0,1.5331,-1.995,0.05
-0.061033,1.1536,-0.027093,0,1.7397,-2.4243,0.05
-0.0528,1.1321,-0.020977,0,1.9462,-2.8536,0.05
-0.046212,1.1127,-0.013886,0,2.1527,-3.2828,0.05
-0.042585,1.0988,-0.0090755,0,2.3592,-3.7121,0.05
-0.040256,1.0891,-0.0047902,0,2.5657,-4.1414,0.05
-0.039572,1.084,-0.0019571,0,2.7722,-4.5707,0.05
-0.038834,1.0818,0,0,2.7722,-5,0.05
0.046677,1.0505,0.079096,0,-0.9364,2.4243,0.05
0.046808,1.0332,0.053321,0,-1.1657,2.8536,0.05
0.045496,1.0217,0.034914,0,-1.395,3.2828,0.05
0.043912,1.0138,0.02145,0,-1.6243,3.7121,0.05
0.042728,1.0086,0.011589,0,-1.8536,4.1414,0.05
0.042414,1.0051,0.0045817,0,-2.0828,4.5707,0.05
0.043323,1.0029,0,0,-2.3121,5,0.05
-0.1352,0.82191,-0.0082178,-5.6199e-19,1.1201,-0.70711,0.05
-0.13963,0.3253,0.055533,-1.0641e-18,0.92388,-0.38268,0.05
-0.12338,0.29713,0.022857,-1.4404e-18,1.1256,-0.38204,0.05
-0.2926,0.60326,0.024613,1.0481e-18,0.50381,-0.50381,0.05
-0.19665,0.23351,0.06852,7.6858e-19,0.76589,-0.31724,0.05
-0.36723,0.79709,0.034744,7.4975e-19,0.31656,-0.5483,0.05
-0.50143,0.97431,0.0026655,-1.0543e-18,0.14987,-0.55931,0.05
-0.63006,1.0388,-0.13515,-1.3449e-19,0,-0.5422,0.05
-0.59399,0.78035,-0.25895,6.6198e-20,-0.13384,-0.49948,0.05
0.11694,0,0,0,-0.35355,-0.35355,0.05
-0.32271,0,0,0,-0.25,-0.43301,0.05
-0.15284,1.2323,0.20148,-2.1247e-20,0,1,0.05
-0.073307,1.1934,0.15968,1.1022e-20,0,1.4,0.05
-0.011759,1.1315,0.13919,-2.0981e-20,-0.2542,1.7727,0.05
0.018094,1.0896,0.10776,2.7149e-20,-0.49142,2.1062,0.05
0.032383,1.0637,0.082542,7.1722e-22,-0.70711,2.4243,0.05
0.18869,0.85402,0.68407,2.036e-18,-0.40944,0.40944,0.05
-0.0951,1.113,0.55173,-1.7655e-19,-0.31656,0.5483,0.05
-0.23222,1.2449,0.3654,-2.3531e-19,-0.18441,0.68821,0.05
-0.23951,1.2603,0.2196,-2.294e-19,0,0.829,0.05
0.56183,0.41162,0.58968,1.6694e-18,-0.50093,0.20749,0.05
0.6922,0.12116,7.8497e-06,9.4933e-19,-0.5171,0,0.05
0.57078,0,0,0,-0.46194,-0.19134,0.05
-0.11493,1.1491,-0.039942,0,1.3266,-1.1364,0.05
-0.090314,1.1804,-0.031459,0,1.5331,-1.5657,0.05
-0.076426,1.1754,-0.031602,0,1.7397,-1.995,0.05
-0.062234,1.1547,-0.0222,0,1.9462,-2.4243,0.05
-0.05431,1.1334,-0.017414,0,2.1527,-2.8536,0.05
-0.047622,1.1139,-0.011136,0,2.3592,-3.2828,0.05
-0.043949,1.0999,-0.0072458,0,2.5657,-3.7121,0.05
-0.0414,1.0901,-0.0036023,0,2.7722,-4.1414,0.05
-0.040546,1.0848,-0.0014207,0,2.9787,-4.5707,0.05
-0.039806,1.0826,0,0,2.9787,-5,0.05
0.037871,1.0429,0.057873,0,-0.9364,2.8536,0.05
0.039176,1.0283,0.038621,0,-1.1657,3.2828,0.05
0.039295,1.0187,0.024313,0,-1.395,3.7121,0.05
0.039286,1.0123,0.013573,0,-1.6243,4.1414,0.05
0.039827,1.0079,0.0056198,0,-1.8536,4.5707,0.05
0.041401,1.005,0,0,-2.0828,5,0.05
-0.1252,0.80947,-0.01,-8.1704e-19,1.3266,-0.70711,0.05
-0.11966,0.30331,0.0053454,-9.5559e-19,1.3273,-0.38139,0.05
-0.12952,0.011748,3.2665e-05,-8.3286e-24,1,0,0.05
-0.11898,0.021108,-8.5512e-05,-1.4152e-23,1.2,0,0.05
-0.33206,0.35211,-0.045802,-1.3331e-19,0.44768,-0.44768,0.05
-0.25315,0.070707,0.0070795,8.3261e-19,0.65826,-0.27266,0.05
-0.17748,-0.039788,0.00018698,-3.1425e-19,0.829,-4.6259e-18,0.05
-0.41129,0.51225,0.0078671,-2.408e-20,0.28952,-0.50147,0.05
-0.56008,0.68216,0.020062,4.6543e-18,0.14033,-0.52373,0.05
-0.68082,0.599,-0.067024,-3.6276e-20,0,-0.5171,0.05
-0.6116,0,0,0,-0.12941,-0.48296,0.05
-0.1892,1.2308,0.12572,-3.8886e-19,0.25882,0.96593,0.05
-0.10493,1.2139,0.12488,3.5632e-20,0.25651,1.3693,0.05
-0.038978,1.156,0.12632,-2.0317e-20,0,1.8,0.05
-0.0024289,1.1068,0.102,-5.2083e-24,-0.25188,2.1761,0.05
0.016767,1.0744,0.078644,1.2321e-22,-0.48856,2.5196,0.05
0.027217,1.0529,0.059959,-7.2726e-21,-0.70711,2.8536,0.05
0.15378,0.80351,0.72883,-1.1074e-18,-0.38339,0.38339,0.05
-0.17362,1.1335,0.61811,-1.6153e-18,-0.28952,0.50147,0.05
-0.33404,1.2851,0.40252,-5.1988e-19,-0.16386,0.61155,0.05
-0.3341,1.2859,0.21645,-1.7192e-19,0,0.71249,0.05
-0.26517,1.2245,0.11091,3.9464e-19,0.21456,0.80075,0.05
0.56864,0.27511,0.46884,1.2695e-17,-0.47774,0.19789,0.05
0.69731,0,0,0,-0.5,0,0.05
-0.10904,1.1429,-0.033781,0,1.5331,-1.1364,0.05
-0.089364,1.1792,-0.025532,0,1.7397,-1.5657,0.05
-0.076506,1.1754,-0.026154,0,1.9462,-1.995,0.05
-0.063048,1.1554,-0.017653,0,2.1527,-2.4243,0.05
-0.055405,1.1343,-0.014044,0,2.3592,-2.8536,0.05
-0.048665,1.1148,-0.0085221,0,2.5657,-3.2828,0.05
-0.04498,1.1007,-0.0055087,0,2.7722,-3.7121,0.05
-0.042236,1.0907,-0.0024706,0,2.9787,-4.1414,0.05
-0.041238,1.0853,-0.0009148,0,3.1852,-4.5707,0.05
-0.040494,1.0831,0,0,3.1852,-5,0.05
0.032039,1.036,0.041585,0,-0.9364,3.2828,0.05
0.034012,1.0242,0.026754,0,-1.1657,3.7121,0.05
0.03525,1.0165,0.015334,0,-1.395,4.1414,0.05
0.036667,1.0113,0.0065711,0,-1.6243,4.5707,0.05
0.038889,1.0077,0,0,-1.8536,5,0.05
-0.1195,0.80046,-0.010007,5.4405e-22,1.5331,-0.70711,0.05
-0.11566,0.28927,-0.006118,-4.9982e-19,1.529,-0.38074,0.05
-0.11665,0.034386,-3.625e-05,1.5102e-19,1.4,0,0.05
-0.13966,0.32551,-0.055475,1.0643e-18,0.92388,0.38268,0.05
-0.1234,0.29733,-0.022933,1.4408e-18,1.1256,0.38204,0.05
-0.35142,0.063483,-0.14984,-5.0669e-19,0.40944,-0.40944,0.05
-0.27151,-0.070075,-0.10876,-6.3301e-19,0.58493,-0.24228,0.05
-0.21703,-0.15346,0.00016456,-2.9833e-19,0.71249,-9.2519e-18,0.05
-0.19664,0.23363,-0.068326,-1.0829e-18,0.76589,0.31724,0.05
-0.43927,0.17943,-0.047215,-6.0466e-19,0.2711,-0.46956,0.05
-0.59098,0.28773,0.014282,1.6266e-18,0.13384,-0.49948,0.05
-0.69478,0,0,0,0,-0.5,0.05
-0.20475,1.1614,0.061427,2.6629e-20,0.5,0.86603,0.05
-0.13429,1.2067,0.088563,-6.4299e-20,0.49714,1.2794,0.05
-0.060217,1.177,0.11056,-1.1649e-19,0.2542,1.7727,0.05
-0.020207,1.1241,0.095382,-6.4966e-22,0,2.2,0.05
0.0028341,1.0863,0.075172,-1.0748e-21,-0.24957,2.5796,0.05
0.015938,1.061,0.057545,-1.5322e-20,-0.4857,2.933,0.05
0.023847,1.0438,0.042951,-2.3636e-20,-0.70711,3.2828,0.05
0.126,0.58404,0.56394,7.4494e-18,-0.36565,0.36565,0.05
-0.25138,1.072,0.63008,1.7821e-18,-0.2711,0.46956,0.05
-0.43954,1.2968,0.4202,-1.1296e-18,-0.14987,0.55931,0.05
-0.43813,1.2946,0.20253,2.0208e-19,0,0.63312,0.05
-0.34291,1.1997,0.076134,7.4073e-19,0.18441,0.68821,0.05
-0.25374,1.0881,0.022817,1.2049e-19,0.4145,0.71793,0.05
0.57078,0,0,0,-0.46194,0.19134,0.05
-0.10556,1.1383,-0.02806,0,1.7397,-1.1364,0.05
-0.088544,1.1782,-0.020133,0,1.9462,-1.5657,0.05
-0.076314,1.1751,-0.021057,0,2.1527,-1.995,0.05
-0.063519,1.1558,-0.013414,0,2.3592,-2.4243,0.05
-0.056126,1.1349,-0.010855,0,2.5657,-2.8536,0.05
-0.049374,1.1153,-0.0060474,0,2.7722,-3.2828,0.05
-0.045695,1.1013,-0.0038643,0,2.9787,-3.7121,0.05
-0.042785,1.0911,-0.0014013,0,3.1852,-4.1414,0.05
-0.041659,1.0856,-0.000439,0,3.3917,-4.5707,0.05
-0.040918,1.0834,0,0,3.3917,-5,0.05
0.028136,1.0304,0.028674,0,-0.9364,3.7121,0.05
0.030674,1.0213,0.016818,0,-1.1657,4.1414,0.05
0.032979,1.0152,0.0074105,0,-1.395,4.5707,0.05
0.035825,1.011,0,0,-1.6243,5,0.05
-0.11625,0.79379,-0.0094162,-1.4668e-21,1.7397,-0.70711,0.05
-0.11439,0.28813,-0.007577,-1.2465e-19,1.7306,-0.38009,0.05
-0.11396,0.021426,-2.6386e-05,-2.0617e-20,1.6,0,0.05
-0.11967,0.30348,-0.0053828,1.0791e-18,1.3273,0.38139,0.05
-0.1831,0.91791,0.0039401,5.4992e-19,0.70711,0.70711,0.05
-0.1495,0.83719,0.0033712,1.8841e-18,0.91362,0.70711,0.05
-0.36098,-0.14415,-0.21938,-5.2116e-18,0.38339,-0.38339,0.05
-0.27072,-0.1556,-0.21726,-3.7518e-19,0.53497,-0.22159,0.05
-0.22248,-0.17328,0.00012997,2.2386e-19,0.63312,0,0.05
-0.2531,0.070801,-0.0069301,-1.1306e-18,0.65826,0.27266,0.05
-0.23176,0.78284,-0.032808,-1.4241e-18,0.58619,0.58619,0.05
-0.45255,-0.030322,-0.062533,2.8585e-18,0.25855,-0.44782,0.05
-0.5991,0,0,0,0.12941,-0.48296,0.05
-0.15791,1.1847,0.06404,-4.3967e-20,0.70711,1.1364,0.05
-0.079671,1.1878,0.090386,-9.6742e-20,0.49428,1.6928,0.05
-0.035707,1.1418,0.088602,8.8723e-21,0.25188,2.1761,0.05
-0.0098229,1.0988,0.071549,-2.7945e-21,0,2.6,0.05
0.0057121,1.07,0.05548,-5.9554e-21,-0.24726,2.983,0.05
0.015289,1.0504,0.041516,-2.3887e-20,-0.48284,3.3464,0.05
0.021578,1.0368,0.029588,-5.8982e-21,-0.70711,3.7121,0.05
0.11696,0,0,0,-0.35355,0.35355,0.05
-0.30568,0.76192,0.46183,1.3811e-18,-0.25855,0.44782,0.05
-0.53401,1.1799,0.39462,3.5924e-18,-0.14033,0.52373,0.05
-0.5427,1.2425,0.17567,1.6456e-19,0,0.57904,0.05
-0.42441,1.1294,0.034134,5.1491e-19,0.16386,0.61155,0.05
-0.31192,0.97956,-0.017497,1.0191e-18,0.35625,0.61704,0.05
-0.10299,1.1346,-0.022621,0,1.9462,-1.1364,0.05
-0.087677,1.1771,-0.015116,0,2.1527,-1.5657,0.05
-0.075892,1.1747,-0.016252,0,2.3592,-1.995,0.05
-0.063693,1.1559,-0.0094507,0,2.5657,-2.4243,0.05
-0.056499,1.1351,-0.0078358,0,2.7722,-2.8536,0.05
-0.049779,1.1156,-0.0037175,0,2.9787,-3.2828,0.05
-0.046101,1.1015,-0.0023099,0,3.1852,-3.7121,0.05
-0.043071,1.0913,-0.0004034,0,3.3917,-4.1414,0.05
-0.041805,1.0856,9.3734e-06,0,3.5982,-4.5707,0.05
-0.0411,1.0834,0,0,3.5982,-5,0.05
0.025626,1.0265,0.017973,0,-0.9364,4.1414,0.05
0.028817,1.0195,0.008113,0,-1.1657,4.5707,0.05
0.032255,1.0147,0,0,-1.395,5,0.05
-0.11398,0.78853,-0.0080226,-9.4601e-22,1.9462,-0.70711,0.05
-0.11311,0.28219,-0.0066102,-1.7978e-20,1.9323,-0.37945,0.05
-0.11393,0.024779,-1.1825e-05,-1.2865e-19,1.8,0,0.05
-0.11567,0.28944,0.0060889,5.2032e-19,1.529,0.38074,0.05
-0.13522,0.82202,0.008208,5.6026e-19,1.1201,0.70711,0.05
-0.14206,1.1726,0.054841,0,0.91362,1.1364,0.05
-0.3661,-0.15812,-0.17025,-4.0473e-18,0.36565,-0.36565,0.05
-0.26748,-0.15252,-0.25625,-5.3455e-19,0.50093,-0.20749,0.05
-0.21718,-0.14802,8.9244e-05,1.271e-18,0.57904,0,0.05
-0.27145,-0.069997,0.10886,8.5671e-19,0.58493,0.24228,0.05
-0.29254,0.6034,-0.024634,-1.0479e-18,0.50381,0.50381,0.05
-0.4561,0,0,0,0.25,-0.43301,0.05
-0.097787,1.1897,0.070232,-3.3845e-20,0.70711,1.5657,0.05
-0.050048,1.1577,0.079858,5.1109e-20,0.49142,2.1062,0.05
-0.02138,1.1125,0.068329,2.9713e-20,0.24957,2.5796,0.05
-0.0038788,1.0795,0.0534,-4.0413e-21,0,3,0.05
0.007312,1.0576,0.040287,2.6569e-21,-0.24495,3.3864,0.05
0.014746,1.0425,0.028783,2.2702e-21,-0.47998,3.7598,0.05
0.0201,1.0319,0.018549,7.5197e-21,-0.70711,4.1414,0.05
-0.32273,0,0,0,-0.25,0.43301,0.05
-0.59408,0.78047,0.259,8.7866e-19,-0.13384,0.49948,0.05
-0.63015,1.0389,0.13518,1.3451e-19,0,0.5422,0.05
-0.50148,0.97447,-0.0026622,-4.768e-19,0.14987,0.55931,0.05
-0.36722,0.79725,-0.034759,-7.4964e-19,0.31656,0.5483,0.05
-0.10088,1.1315,-0.017368,0,2.1527,-1.1364,0.05
-0.086765,1.1761,-0.010383,0,2.3592,-1.5657,0.05
-0.075256,1.174,-0.011693,0,2.5657,-1.995,0.05
-0.063597,1.1558,-0.0057421,0,2.7722,-2.4243,0.05
-0.056533,1.135,-0.0049758,0,2.9787,-2.8536,0.05
-0.04991,1.1157,-0.0015434,0,3.1852,-3.2828,0.05
-0.046197,1.1015,-0.00083923,0,3.3917,-3.7121,0.05
-0.043127,1.0912,0.00052265,0,3.5982,-4.1414,0.05
-0.041698,1.0854,0.00042931,0,3.8047,-4.5707,0.05
-0.041056,1.0833,0,0,3.8047,-5,0.05
0.024248,1.0241,0.0086538,0,-0.9364,4.5707,0.05
0.028232,1.0189,0,0,-1.1657,5,0.05
-0.11216,0.78439,-0.0058953,-2.4368e-19,2.1527,-0.70711,0.05
-0.11229,0.2797,-0.0049878,1.425e-19,2.134,-0.3788,0.05
-0.11277,0.019352,3.3988e-06,2.0179e-21,2,0,0.05
-0.11439,0.28829,0.0075578,-2.0564e-20,1.7306,0.38009,0.05
-0.12521,0.80958,0.0099851,8.1605e-19,1.3266,0.70711,0.05
-0.12602,1.1587,0.046816,0,1.1201,1.1364,0.05
-0.099104,1.1884,0.056176,0,0.91362,1.5657,0.05
-0.3677,0,0,0,0.35355,-0.35355,0.05
-0.26626,-0.094183,-0.18374,-7.9129e-18,0.47774,-0.19789,0.05
-0.2102,-0.10366,5.2751e-05,2.3539e-19,0.5422,9.2519e-18,0.05
-0.27067,-0.15558,0.21735,1.6457e-18,0.53497,0.22159,0.05
-0.33201,0.35227,0.045763,1.3331e-19,0.44768,0.44768,0.05
-0.065878,1.1701,0.069688,8.8162e-20,0.70711,1.995,0.05
-0.031809,1.127,0.064734,1.427e-20,0.48856,2.5196,0.05
-0.012866,1.0899,0.051715,-7.1662e-21,0.24726,2.983,0.05
-0.00037306,1.0652,0.039077,-1.16e-21,0,3.4,0.05
0.0081608,1.0487,0.028077,3.2845e-21,-0.24264,3.7898,0.05
0.014326,1.0372,0.018137,5.1134e-21,-0.47712,4.1732,0.05
0.019302,1.0291,0.0089489,-4.9901e-21,-0.70711,4.5707,0.05
-0.61168,0,0,0,-0.12941,0.48296,0.05
-0.68092,0.59912,0.067046,3.6276e-20,0,0.5171,0.05
-0.56014,0.68233,-0.020065,-9.6678e-19,0.14033,0.52373,0.05
-0.41128,0.51242,-0.0078849,-1.5067e-18,0.28952,0.50147,0.05
-0.099032,1.129,-0.012251,0,2.3592,-1.1364,0.05
-0.085785,1.175,-0.0058776,0,2.5657,-1.5657,0.05
-0.07438,1.1731,-0.0073491,0,2.7722,-1.995,0.05
-0.063252,1.1554,-0.0022865,0,2.9787,-2.4243,0.05
-0.05621,1.1346,-0.00226,0,3.1852,-2.8536,0.05
-0.04981,1.1155,0.00047389,0,3.3917,-3.2828,0.05
-0.046015,1.1012,0.00053982,0,3.5982,-3.7121,0.05
-0.042953,1.0909,0.0013816,0,3.8047,-4.1414,0.05
-0.041377,1.085,0.0008165,0,4.0112,-4.5707,0.05
-0.040789,1.0829,0,0,4.0112,-5,0.05
0.023825,1.0233,0,0,-0.9364,5,0.05
-0.11055,0.7813,-0.0032017,1.1957e-19,2.3592,-0.70711,0.05
-0.11149,0.27728,-0.0029645,-3.4583e-19,2.3357,-0.37815,0.05
-0.11202,0.018704,2.3438e-06,2.293e-21,2.2,0,0.05
-0.11311,0.28235,0.0066062,1.8398e-20,1.9323,0.37945,0.05
-0.1195,0.80057,0.0099933,5.4399e-22,1.5331,0.70711,0.05
-0.11495,1.1491,0.039925,0,1.3266,1.1364,0.05
-0.095632,1.1848,0.045998,0,1.1201,1.5657,0.05
-0.073604,1.1737,0.0592,0,0.91362,1.995,0.05
-0.26587,0,0,0,0.46194,-0.19134,0.05
-0.20526,-0.053003,2.2696e-05,-1.7916e-18,0.5171,0,0.05
-0.26743,-0.15254,0.25633,7.6995e-19,0.50093,0.20749,0.05
-0.35137,0.0636,0.14983,5.0655e-19,0.40944,0.40944,0.05
-0.043426,1.1401,0.059459,-1.7722e-20,0.70711,2.4243,0.05
-0.020942,1.1016,0.050256,-1.2167e-20,0.4857,2.933,0.05
-0.0077229,1.0733,0.038167,1.387e-21,0.24495,3.3864,0.05
0.0016724,1.055,0.027389,1.4773e-22,0,3.8,0.05
0.008585,1.0427,0.017748,-7.4778e-22,-0.24033,4.1932,0.05
0.014103,1.0341,0.0087973,-3.2087e-21,-0.47426,4.5866,0.05
0.019115,1.028,0,-1.3841e-21,-0.70711,5,0.05
-0.69489,0,0,0,0,0.5,0.05
-0.59105,0.28783,-0.014288,-1.082e-19,0.13384,0.49948,0.05
-0.43927,0.17954,0.047208,4.2917e-18,0.2711,0.46956,0.05
-0.097248,1.1269,-0.0072198,0,2.5657,-1.1364,0.05
-0.084696,1.174,-0.0015432,0,2.7722,-1.5657,0.05
-0.073178,1.172,-0.0031927,0,2.9787,-1.995,0.05
-0.062704,1.1548,0.00093906,0,3.1852,-2.4243,0.05
-0.055574,1.134,0.00029851,0,3.3917,-2.8536,0.05
-0.049444,1.115,0.0023451,0,3.5982,-3.2828,0.05
-0.045602,1.1007,0.0018137,0,3.8047,-3.7121,0.05
-0.042537,1.0905,0.0021721,0,4.0112,-4.1414,0.05
-0.04086,1.0844,0.0011697,0,4.2178,-4.5707,0.05
-0.040314,1.0824,0,0,4.2178,-5,0.05
-0.10906,0.77933,-7.5745e-06,4.7747e-19,2.5657,-0.70711,0.05
-0.11072,0.2757,-0.0011386,3.3241e-19,2.5374,-0.3775,0.05
-0.11122,0.017299,2.0794e-06,4.2801e-21,2.4,0,0.05
-0.11229,0.27985,0.0049826,-1.4056e-19,2.134,0.3788,0.05
-0.11625,0.7939,0.0094005,-1.4668e-21,1.7397,0.70711,0.05
-0.10905,1.1429,0.033764,0,1.5331,1.1364,0.05
-0.09213,1.182,0.038116,0,1.3266,1.5657,0.05
-0.075913,1.1749,0.050921,0,1.1201,1.995,0.05
-0.051452,1.1451,0.051311,0,0.91362,2.4243,0.05
-0.20341,0,0,0,0.5,0,0.05
-0.2662,-0.094193,0.18378,6.1399e-18,0.47774,0.19789,0.05
-0.36093,-0.14414,0.21941,5.211e-18,0.38339,0.38339,0.05
-0.029786,1.1127,0.047658,-1.824e-20,0.70711,2.8536,0.05
-0.014415,1.0824,0.037588,-6.3517e-21,0.48284,3.3464,0.05
-0.0046303,1.0617,0.026908,4.6374e-21,0.24264,3.7898,0.05
0.0028375,1.0483,0.01737,-6.9369e-22,0,4.2,0.05
0.0088145,1.0392,0.0086162,1.3663e-21,-0.23801,4.5966,0.05
0.014087,1.033,0,-2.7666e-21,-0.4714,5,0.05
-0.59917,0,0,0,0.12941,0.48296,0.05
-0.45255,-0.030304,0.06254,-1.34e-18,0.25855,0.44782,0.05
-0.095525,1.1251,-0.0022243,0,2.7722,-1.1364,0.05
-0.083453,1.1727,0.002707,0,2.9787,-1.5657,0.05
-0.071743,1.1707,0.00075521,0,3.1852,-1.995,0.05
-0.061855,1.1539,0.0039719,0,3.3917,-2.4243,0.05
-0.054715,1.1331,0.0026742,0,3.5982,-2.8536,0.05
-0.048785,1.1143,0.004073,0,3.8047,-3.2828,0.05
-0.04497,1.1,0.0029825,0,4.0112,-3.7121,0.05
-0.041909,1.0898,0.0028921,0,4.2178,-4.1414,0.05
-0.040158,1.0837,0.0014894,0,4.4243,-4.5707,0.05
-0.039651,1.0817,0,0,4.4243,-5,0.05
-0.10764,0.77874,0.0036613,-3.5769e-19,2.7722,-0.70711,0.05
-0.11004,0.2752,-7.2603e-05,1.0622e-19,2.7391,-0.37686,0.05
-0.11043,0.016517,3.8699e-06,1.9942e-21,2.6,0,0.05
-0.11149,0.27745,0.0029598,3.4996e-19,2.3357,0.37815,0.05
-0.11398,0.78864,0.0080069,9.4596e-22,1.9462,0.70711,0.05
-0.10556,1.1383,0.028044,0,1.7397,1.1364,0.05
-0.090321,1.1804,0.031445,0,1.5331,1.5657,0.05
-0.076028,1.175,0.043824,0,1.3266,1.995,0.05
-0.055587,1.1484,0.044335,0,1.1201,2.4243,0.05
-0.037172,1.1181,0.042239,0,0.91362,2.8536,0.05
-0.26581,0,0,0,0.46194,0.19134,0.05
-0.36605,-0.15817,0.17029,4.0634e-18,0.36565,0.36565,0.05
-0.021441,1.0911,0.036253,-3.6413e-21,0.70711,3.2828,0.05
-0.010488,1.0688,0.026693,2.0688e-21,0.47998,3.7598,0.05
-0.0028074,1.054,0.017127,-2.044e-21,0.24033,4.1932,0.05
0.003484,1.0443,0.0084419,2.8933e-23,0,4.6,0.05
0.0089256,1.038,0,-9.0444e-22,-0.2357,5,0.05
-0.45611,0,0,0,0.25,0.43301,0.05
-0.093954,1.1234,0.0027675,0,2.9787,-1.1364,0.05
-0.081862,1.1712,0.0069018,0,3.1852,-1.5657,0.05
-0.070189,1.1692,0.0044669,0,3.3917,-1.995,0.05
-0.060619,1.1527,0.0068088,0,3.5982,-2.4243,0.05
-0.053639,1.132,0.0048661,0,3.8047,-2.8536,0.05
-0.047885,1.1134,0.0056539,0,4.0112,-3.2828,0.05
-0.044134,1.0992,0.0040478,0,4.2178,-3.7121,0.05
-0.041094,1.089,0.0035413,0,4.4243,-4.1414,0.05
-0.039289,1.0828,0.0017762,0,4.6308,-4.5707,0.05
-0.038821,1.0809,0,0,4.6308,-5,0.05
-0.10625,0.7798,0.0078045,2.378e-19,2.9787,-0.70711,0.05
-0.10939,0.27599,0.00014252,2.9607e-20,2.9408,-0.37621,0.05
-0.10965,0.016118,5.019e-06,5.241e-25,2.8,0,0.05
-0.11072,0.27587,0.0011362,3.5748e-19,2.5374,0.3775,0.05
-0.11215,0.78449,0.0058815,2.4366e-19,2.1527,0.70711,0.05
-0.10299,1.1346,0.022605,0,1.9462,1.1364,0.05
-0.089362,1.1792,0.025517,0,1.7397,1.5657,0.05
-0.076166,1.1752,0.037453,0,1.5331,1.995,0.05
-0.057754,1.1504,0.038066,0,1.3266,2.4243,0.05
-0.042148,1.1223,0.037419,0,1.1201,2.8536,0.05
-0.027766,1.0961,0.032696,0,0.91362,3.2828,0.05
-0.36765,0,0,0,0.35355,0.35355,0.05
-0.016394,1.0756,0.025987,-7.2676e-21,0.70711,3.7121,0.05
-0.0081597,1.0599,0.017067,3.1671e-21,0.47712,4.1732,0.05
-0.0017724,1.0495,0.008358,-6.8917e-22,0.23801,4.5966,0.05
0.0037185,1.043,0,3.8877e-22,0,5,0.05
-0.092307,1.1216,0.0077976,0,3.1852,-1.1364,0.05
-0.079845,1.1692,0.01098,0,3.3917,-1.5657,0.05
-0.068399,1.1675,0.0079528,0,3.5982,-1.995,0.05
-0.059088,1.1512,0.0094273,0,3.8047,-2.4243,0.05
-0.05233,1.1307,0.0068737,0,4.0112,-2.8536,0.05
-0.046779,1.1123,0.0070846,0,4.2178,-3.2828,0.05
-0.043113,1.0982,0.0050092,0,4.4243,-3.7121,0.05
-0.040113,1.088,0.0041202,0,4.6308,-4.1414,0.05
-0.03827,1.0818,0.0020304,0,4.8373,-4.5707,0.05
-0.037839,1.0799,0,0,4.8373,-5,0.05
-0.10475,0.78239,0.012505,5.8576e-19,3.1852,-0.70711,0.05
-0.10871,0.27783,0.00071428,3.4499e-19,3.1425,-0.37556,0.05
-0.10887,0.015904,2.3138e-06,2.8616e-19,3,0,0.05
-0.11004,0.27537,7.1575e-05,3.5754e-19,2.7391,0.37686,0.05
-0.11055,0.78141,0.0031898,3.6512e-19,2.3592,0.70711,0.05
-0.10088,1.1315,0.017354,0,2.1527,1.1364,0.05
-0.08854,1.1782,0.020119,0,1.9462,1.5657,0.05
-0.076427,1.1754,0.031591,0,1.7397,1.995,0.05
-0.059499,1.1521,0.032356,0,1.5331,2.4243,0.05
-0.045602,1.1255,0.032924,0,1.3266,2.8536,0.05
-0.032601,1.1004,0.029347,0,1.1201,3.2828,0.05
-0.021836,1.0802,0.023751,0,0.91362,3.7121,0.05
-0.013397,1.0654,0.0167,6.2024e-21,0.70711,4.1414,0.05
-0.0068373,1.0546,0.0083838,-2.1121e-21,0.47426,4.5866,0.05
-0.0014132,1.0479,0,-6.5064e-22,0.2357,5,0.05
-0.09023,1.1194,0.01286,0,3.3917,-1.1364,0.05
-0.077494,1.167,0.014872,0,3.5982,-1.5657,0.05
-0.066291,1.1655,0.011199,0,3.8047,-1.995,0.05
-0.057314,1.1495,0.011811,0,4.0112,-2.4243,0.05
-0.050803,1.1292,0.0086927,0,4.2178,-2.8536,0.05
-0.045486,1.111,0.0083636,0,4.4243,-3.2828,0.05
-0.041927,1.097,0.0058667,0,4.6308,-3.7121,0.05
-0.038984,1.0869,0.00463,0,4.8373,-4.1414,0.05
-0.037118,1.0807,0.0022529,0,5.0438,-4.5707,0.05
-0.036724,1.0788,0,0,5.0438,-5,0.05
-0.10283,0.78575,0.017732,3.4347e-19,3.3917,-0.70711,0.05
-0.10782,0.28168,0.0037406,2.9815e-19,3.3442,-0.37492,0.05
-0.10811,0.014566,-3.4068e-06,-3.0708e-20,3.2,1.8504e-17,0.05
-0.10939,0.27617,-0.00014698,2.1324e-19,2.9408,0.37621,0.05
-0.10906,0.77944,-3.747e-06,2.4391e-19,2.5657,0.70711,0.05
-0.099029,1.1291,0.012238,0,2.3592,1.1364,0.05
-0.087675,1.1771,0.015103,0,2.1527,1.5657,0.05
-0.076506,1.1754,0.026144,0,1.9462,1.995,0.05
-0.061043,1.1536,0.027084,0,1.7397,2.4243,0.05
-0.048433,1.1281,0.028714,0,1.5331,2.8536,0.05
-0.036334,1.1038,0.02606,0,1.3266,3.2828,0.05
-0.026364,1.0842,0.021576,0,1.1201,3.7121,0.05
-0.018223,1.0696,0.015382,0,0.91362,4.1414,0.05
-0.011744,1.0594,0.0082335,-1.5165e-21,0.70711,4.5707,0.05
-0.0063866,1.0529,0,5.4521e-23,0.4714,5,0.05
-0.087577,1.1168,0.017828,0,3.5982,-1.1364,0.05
-0.074785,1.1645,0.018516,0,3.8047,-1.5657,0.05
-0.063875,1.1632,0.014174,0,4.0112,-1.995,0.05
-0.055314,1.1475,0.013951,0,4.2178,-2.4243,0.05
-0.049085,1.1276,0.010319,0,4.4243,-2.8536,0.05
-0.044028,1.1096,0.0094915,0,4.6308,-3.2828,0.05
-0.040597,1.0957,0.0066214,0,4.8373,-3.7121,0.05
-0.037726,1.0857,0.0050725,0,5.0438,-4.1414,0.05
-0.035852,1.0795,0.0024448,0,5.2503,-4.5707,0.05
-0.035495,1.0776,0,0,5.2503,-5,0.05
-0.10005,0.78927,0.023272,2.2155e-19,3.5982,-0.70711,0.05
-0.10606,0.28799,0.0091583,2.1433e-19,3.5459,-0.37427,0.05
-0.10709,0.01533,-9.3198e-06,-5.2811e-19,3.4,0,0.05
-0.10872,0.27802,-0.00072581,-3.1377e-19,3.1425,0.37556,0.05
-0.10764,0.77885,-0.0036735,3.5581e-19,2.7722,0.70711,0.05
-0.097243,1.127,0.0072089,0,2.5657,1.1364,0.05
-0.086765,1.1761,0.010371,0,2.3592,1.5657,0.05
-0.076317,1.1751,0.021047,0,2.1527,1.995,0.05
-0.062242,1.1547,0.022193,0,1.9462,2.4243,0.05
-0.050848,1.1303,0.024735,0,1.7397,2.8536,0.05
-0.039468,1.1066,0.022862,0,1.5331,3.2828,0.05
-0.030139,1.0877,0.01938,0,1.3266,3.7121,0.05
-0.02244,1.0734,0.014073,0,1.1201,4.1414,0.05
-0.016244,1.0634,0.0076113,0,0.91362,4.5707,0.05
-0.011281,1.0575,0,5.9762e-22,0.70711,5,0.05
-0.0843,1.1138,0.02253,0,3.8047,-1.1364,0.05
-0.071682,1.1617,0.021848,0,4.0112,-1.5657,0.05
-0.061189,1.1607,0.016844,0,4.2178,-1.995,0.05
-0.053109,1.1454,0.015837,0,4.4243,-2.4243,0.05
-0.047205,1.1258,0.011749,0,4.6308,-2.8536,0.05
-0.042428,1.108,0.01047,0,4.8373,-3.2828,0.05
-0.039142,1.0943,0.0072757,0,5.0438,-3.7121,0.05
-0.036357,1.0843,0.0054502,0,5.2503,-4.1414,0.05
-0.03449,1.0782,0.0026074,0,5.4568,-4.5707,0.05
-0.034168,1.0764,0,0,5.4568,-5,0.05
-0.096164,0.79266,0.028801,8.756e-20,3.8047,-0.70711,0.05
-0.10293,0.29555,0.015095,5.4068e-19,3.7476,-0.37362,0.05
-0.10501,0.019529,-1.0678e-05,2.9904e-20,3.6,-1.8504e-17,0.05
-0.10782,0.28187,-0.0037579,-8.1203e-19,3.3442,0.37492,0.05
-0.10624,0.77991,-0.0078182,-2.4052e-19,2.9787,0.70711,0.05
-0.095518,1.1251,0.0022142,0,2.7722,1.1364,0.05
-0.085784,1.1751,0.005867,0,2.5657,1.5657,0.05
-0.075895,1.1747,0.016242,0,2.3592,1.995,0.05
-0.063054,1.1554,0.017645,0,2.1527,2.4243,0.05
-0.052811,1.1321,0.020968,0,1.9462,2.8536,0.05
-0.042157,1.1091,0.019757,0,1.7397,3.2828,0.05
-0.033418,1.0906,0.017206,0,1.5331,3.7121,0.05
-0.026118,1.0767,0.012719,0,1.3266,4.1414,0.05
-0.020276,1.067,0.0069904,0,1.1201,4.5707,0.05
-0.015574,1.0613,0,0,0.91362,5,0.05
-0.080399,1.1103,0.026813,0,4.0112,-1.1364,0.05
-0.068205,1.1585,0.024809,0,4.2178,-1.5657,0.05
-0.058273,1.158,0.019186,0,4.4243,-1.995,0.05
-0.050732,1.1432,0.017465,0,4.6308,-2.4243,0.05
-0.045191,1.1238,0.012985,0,4.8373,-2.8536,0.05
-0.04071,1.1064,0.011305,0,5.0438,-3.2828,0.05
-0.037585,1.0928,0.0078332,0,5.2503,-3.7121,0.05
-0.034898,1.083,0.005766,0,5.4568,-4.1414,0.05
-0.033047,1.0768,0.0027424,0,5.6633,-4.5707,0.05
-0.032759,1.075,0,0,5.6633,-5,0.05
-0.091208,0.79585,0.033968,-3.119e-19,4.0112,-0.70711,0.05
-0.098375,0.30459,0.020645,3.3391e-20,3.9493,-0.37297,0.05
-0.10144,0.025978,-9.4386e-06,2.4841e-19,3.8,0,0.05
-0.10606,0.28818,-0.0091759,-2.4307e-19,3.5459,0.37427,0.05
-0.10474,0.78251,-0.012519,-5.8572e-19,3.1852,0.70711,0.05
-0.093947,1.1234,-0.0027769,0,2.9787,1.1364,0.05
-0.084693,1.174,0.0015341,0,2.7722,1.5657,0.05
-0.075258,1.174,0.011684,0,2.5657,1.995,0.05
-0.063523,1.1558,0.013406,0,2.3592,2.4243,0.05
-0.054318,1.1334,0.017404,0,2.1527,2.8536,0.05
-0.044405,1.1111,0.016757,0,1.9462,3.2828,0.05
-0.036297,1.0932,0.015072,0,1.7397,3.7121,0.05
-0.029378,1.0796,0.011352,0,1.5331,4.1414,0.05
-0.023878,1.0703,0.0063437,0,1.3266,4.5707,0.05
-0.01955,1.0649,0,0,1.1201,5,0.05
-0.075935,1.1065,0.030564,0,4.2178,-1.1364,0.05
-0.064418,1.1551,0.027354,0,4.4243,-1.5657,0.05
-0.055173,1.1552,0.021188,0,4.6308,-1.995,0.05
-0.048219,1.1408,0.018837,0,4.8373,-2.4243,0.05
-0.043072,1.1218,0.01403,0,5.0438,-2.8536,0.05
-0.038899,1.1047,0.011999,0,5.2503,-3.2828,0.05
-0.035945,1.0913,0.0082979,0,5.4568,-3.7121,0.05
-0.033365,1.0815,0.0060237,0,5.6633,-4.1414,0.05
-0.031539,1.0754,0.0028516,0,5.8698,-4.5707,0.05
-0.031283,1.0736,0,0,5.8698,-5,0.05
-0.085368,0.79887,0.038491,-1.0727e-21,4.2178,-0.70711,0.05
-0.092558,0.31477,0.0254,-3.2352e-19,4.1509,-0.37233,0.05
-0.096452,0.035333,-9.7721e-06,3.8212e-21,4,-9.2519e-18,0.05
-0.10293,0.29574,-0.01511,-2.7345e-19,3.7476,0.37362,0.05
-0.10283,0.78587,-0.017744,-3.4345e-19,3.3917,0.70711,0.05
-0.092302,1.1216,-0.0078063,0,3.1852,1.1364,0.05
-0.08345,1.1727,-0.0027149,0,2.9787,1.5657,0.05
-0.074382,1.1731,0.0073407,0,2.7722,1.995,0.05
-0.063696,1.1559,0.0094424,0,2.5657,2.4243,0.05
-0.055409,1.1343,0.014035,0,2.3592,2.8536,0.05
-0.046217,1.1127,0.013877,0,2.1527,3.2828,0.05
-0.038782,1.0954,0.012994,0,1.9462,3.7121,0.05
-0.032275,1.0822,0.0099859,0,1.7397,4.1414,0.05
-0.027115,1.0732,0.0056862,0,1.5331,4.5707,0.05
-0.023126,1.0681,0,0,1.3266,5,0.05
-0.071021,1.1024,0.033709,0,4.4243,-1.1364,0.05
-0.0604,1.1516,0.029459,0,4.6308,-1.5657,0.05
-0.05194,1.1522,0.022848,0,4.8373,-1.995,0.05
-0.045607,1.1384,0.019957,0,5.0438,-2.4243,0.05
-0.040875,1.1198,0.014892,0,5.2503,-2.8536,0.05
-0.037018,1.1029,0.012561,0,5.4568,-3.2828,0.05
-0.034241,1.0896,0.0086755,0,5.6633,-3.7121,0.05
-0.031772,1.08,0.0062272,0,5.8698,-4.1414,0.05
-0.029979,1.0739,0.002937,0,6.0763,-4.5707,0.05
-0.029753,1.0722,0,0,6.0763,-5,0.05
-0.078892,0.80178,0.042193,0,4.4243,-0.70711,0.05
-0.085781,0.32589,0.029183,-1.1456e-19,4.3526,-0.37168,0.05
-0.090265,0.046997,-1.1176e-05,3.5789e-21,4.2,0,0.05
-0.098372,0.30478,-0.020659,-3.3535e-20,3.9493,0.37297,0.05
-0.10005,0.78939,-0.023282,-2.2329e-19,3.5982,0.70711,0.05
-0.090227,1.1195,-0.012868,0,3.3917,1.1364,0.05
-0.081859,1.1712,-0.0069088,0,3.1852,1.5657,0.05
-0.07318,1.172,0.0031853,0,2.9787,1.995,0.05
-0.0636,1.1558,0.005734,0,2.7722,2.4243,0.05
-0.056129,1.1349,0.010846,0,2.5657,2.8536,0.05
-0.047626,1.1139,0.011128,0,2.3592,3.2828,0.05
-0.040872,1.0973,0.01099,0,2.1527,3.7121,0.05
-0.034809,1.0844,0.0086346,0,1.9462,4.1414,0.05
-0.030019,1.0758,0.0050267,0,1.7397,4.5707,0.05
-0.026351,1.071,0,0,1.5331,5,0.05
-0.065802,1.0981,0.036218,0,4.6308,-1.1364,0.05
-0.056239,1.148,0.031119,0,4.8373,-1.5657,0.05
-0.048628,1.1492,0.024173,0,5.0438,-1.995,0.05
-0.042936,1.1359,0.020837,0,5.2503,-2.4243,0.05
-0.038629,1.1176,0.015579,0,5.4568,-2.8536,0.05
-0.035088,1.1011,0.012999,0,5.6633,-3.2828,0.05
-0.032491,1.088,0.008972,0,5.8698,-3.7121,0.05
-0.030135,1.0785,0.0063811,0,6.0763,-4.1414,0.05
-0.028381,1.0724,0.0030008,0,6.2828,-4.5707,0.05
-0.028183,1.0707,0,0,6.2828,-5,0.05
-0.072038,0.80463,0.044998,-5.8679e-22,4.6308,-0.70711,0.05
-0.078381,0.33777,0.03197,-9.1387e-36,4.5543,-0.37103,0.05
-0.08319,0.0606,-1.265e-05,1.6396e-21,4.4,0,0.05
-0.092556,0.31495,-0.025414,3.2338e-19,4.1509,0.37233,0.05
-0.096161,0.79278,-0.02881,-9.1682e-20,3.8047,0.70711,0.05
-0.087575,1.1169,-0.017836,0,3.5982,1.1364,0.05
-0.079843,1.1693,-0.010987,0,3.3917,1.5657,0.05
-0.071745,1.1707,-0.00076192,0,3.1852,1.995,0.05
-0.063256,1.1554,0.0022786,0,2.9787,2.4243,0.05
-0.056502,1.1351,0.0078267,0,2.7722,2.8536,0.05
-0.048668,1.1148,0.0085144,0,2.5657,3.2828,0.05
-0.042588,1.0987,0.0090703,0,2.3592,3.7121,0.05
-0.036977,1.0863,0.0073116,0,2.1527,4.1414,0.05
-0.03259,1.078,0.0043735,0,1.9462,4.5707,0.05
-0.02925,1.0736,0,0,1.7397,5,0.05
-0.060425,1.0939,0.038095,0,4.8373,-1.1364,0.05
-0.052021,1.1443,0.032346,0,5.0438,-1.5657,0.05
-0.045289,1.1462,0.025179,0,5.2503,-1.995,0.05
-0.040242,1.1334,0.021492,0,5.4568,-2.4243,0.05
-0.036358,1.1155,0.016103,0,5.6633,-2.8536,0.05
-0.033127,1.0992,0.013324,0,5.8698,-3.2828,0.05
-0.030709,1.0863,0.0091943,0,6.0763,-3.7121,0.05
-0.028468,1.0769,0.0064901,0,6.2828,-4.1414,0.05
-0.026756,1.0709,0.0030453,0,6.4894,-4.5707,0.05
-0.026583,1.0692,0,0,6.4894,-5,0.05
-0.065051,0.80746,0.046909,-7.828e-22,4.8373,-0.70711,0.05
-0.070685,0.35021,0.033823,-1.4143e-22,4.756,-0.37038,0.05
-0.075576,0.075763,-1.336e-05,-2.0671e-35,4.6,0,0.05
-0.085779,0.32607,-0.029198,1.1485e-19,4.3526,0.37168,0.05
-0.091205,0.79596,-0.033975,3.08e-19,4.0112,0.70711,0.05
-0.084298,1.1138,-0.022538,0,3.8047,1.1364,0.05
-0.077493,1.1671,-0.014878,0,3.5982,1.5657,0.05
-0.07019,1.1692,-0.0044736,0,3.3917,1.995,0.05
-0.062708,1.1548,-0.00094666,0,3.1852,2.4243,0.05
-0.056536,1.135,0.0049666,0,2.9787,2.8536,0.05
-0.049376,1.1153,0.0060398,0,2.7722,3.2828,0.05
-0.043951,1.0999,0.0072407,0,2.5657,3.7121,0.05
-0.038788,1.0879,0.0060269,0,2.3592,4.1414,0.05
-0.034824,1.08,0.0037346,0,2.1527,4.5707,0.05
-0.031824,1.0758,0,0,1.9462,5,0.05
-0.055029,1.0897,0.039368,0,5.0438,-1.1364,0.05
-0.047822,1.1407,0.033166,0,5.2503,-1.5657,0.05
-0.041972,1.1432,0.025888,0,5.4568,-1.995,0.05
-0.037555,1.1309,0.021939,0,5.6633,-2.4243,0.05
-0.034085,1.1134,0.016479,0,5.8698,-2.8536,0.05
-0.031154,1.0974,0.013545,0,6.0763,-3.2828,0.05
-0.028909,1.0846,0.0093497,0,6.2828,-3.7121,0.05
-0.026781,1.0753,0.0065591,0,6.4894,-4.1414,0.05
-0.025113,1.0693,0.0030728,0,6.6959,-4.5707,0.05
-0.024964,1.0677,0,0,6.6959,-5,0.05
-0.05814,0.8103,0.047984,0,5.0438,-0.70711,0.05
-0.062976,0.363,0.034849,1.0234e-22,4.9577,-0.36974,0.05
-0.067751,0.092096,-1.3164e-05,1.3525e-21,4.8,9.2519e-18,0.05
-0.07838,0.33794,-0.031984,-9.1384e-36,4.5543,0.37103,0.05
-0.085365,0.79898,-0.038497,-1.0726e-21,4.2178,0.70711,0.05
-0.080397,1.1104,-0.02682,0,4.0112,1.1364,0.05
-0.074783,1.1645,-0.018522,0,3.8047,1.5657,0.05
-0.068399,1.1675,-0.0079595,0,3.5982,1.995,0.05
-0.061857,1.1539,-0.0039793,0,3.3917,2.4243,0.05
-0.056212,1.1346,0.0022508,0,3.1852,2.8536,0.05
-0.049779,1.1156,0.0037097,0,2.9787,3.2828,0.05
-0.044981,1.1007,0.0055038,0,2.7722,3.7121,0.05
-0.040258,1.0891,0.0047877,0,2.5657,4.1414,0.05
-0.036725,1.0816,0.0031161,0,2.3592,4.5707,0.05
-0.034065,1.0778,0,0,2.1527,5,0.05
-0.049733,1.0856,0.040089,0,5.2503,-1.1364,0.05
-0.04371,1.1372,0.033616,0,5.4568,-1.5657,0.05
-0.038716,1.1403,0.026328,0,5.6633,-1.995,0.05
-0.034903,1.1285,0.022199,0,5.8698,-2.4243,0.05
-0.03183,1.1113,0.016721,0,6.0763,-2.8536,0.05
-0.029184,1.0955,0.013674,0,6.2828,-3.2828,0.05
-0.027105,1.0829,0.0094459,0,6.4894,-3.7121,0.05
-0.025086,1.0737,0.0065932,0,6.6959,-4.1414,0.05
-0.023462,1.0678,0.0030856,0,6.9024,-4.5707,0.05
-0.023333,1.0662,0,0,6.9024,-5,0.05
-0.051475,0.81318,0.048318,1.0051e-19,5.2503,-0.70711,0.05
-0.055485,0.37596,0.035177,-6.2485e-36,5.1594,-0.36909,0.05
-0.059996,0.10922,-1.2874e-05,1.2322e-21,5,0,0.05
-0.070684,0.35038,-0.033836,-1.4144e-22,4.756,0.37038,0.05
-0.07889,0.80189,-0.042197,0,4.4243,0.70711,0.05
-0.075933,1.1065,-0.03057,0,4.2178,1.1364,0.05
-0.071681,1.1617,-0.021854,0,4.0112,1.5657,0.05
-0.066291,1.1655,-0.011206,0,3.8047,1.995,0.05
-0.060619,1.1527,-0.0068157,0,3.5982,2.4243,0.05
-0.055575,1.134,-0.00030698,0,3.3917,2.8536,0.05
-0.04991,1.1157,0.0015357,0,3.1852,3.2828,0.05
-0.045694,1.1013,0.0038593,0,2.9787,3.7121,0.05
-0.041401,1.09,0.0035998,0,2.7722,4.1414,0.05
-0.038304,1.0829,0.0025223,0,2.5657,4.5707,0.05
-0.035976,1.0794,0,0,2.3592,5,0.05
-0.044632,1.0818,0.040322,0,5.4568,-1.1364,0.05
-0.039739,1.1339,0.033739,0,5.6633,-1.5657,0.05
-0.035556,1.1375,0.02653,0,5.8698,-1.995,0.05
-0.032308,1.1261,0.022295,0,6.0763,-2.4243,0.05
-0.02961,1.1092,0.016845,0,6.2828,-2.8536,0.05
-0.027229,1.0937,0.013723,0,6.4894,-3.2828,0.05
-0.025306,1.0813,0.0094905,0,6.6959,-3.7121,0.05
-0.023389,1.0721,0.0065974,0,6.9024,-4.1414,0.05
-0.02181,1.0662,0.003086,0,7.1089,-4.5707,0.05
-0.0217,1.0646,0,0,7.1089,-5,0.05
-0.045181,0.8161,0.048023,2.9069e-20,5.4568,-0.70711,0.05
-0.048384,0.38891,0.034936,1.4531e-19,5.3611,-0.36844,0.05
-0.052532,0.12678,-1.2636e-05,2.9263e-20,5.2,0,0.05
-0.062976,0.36317,-0.034862,1.0233e-22,4.9577,0.36974,0.05
-0.072038,0.80474,-0.045002,-5.8677e-22,4.6308,0.70711,0.05
-0.071021,1.1024,-0.033715,0,4.4243,1.1364,0.05
-0.068205,1.1585,-0.024815,0,4.2178,1.5657,0.05
-0.063875,1.1632,-0.01418,0,4.0112,1.995,0.05
-0.059088,1.1512,-0.0094337,0,3.8047,2.4243,0.05
-0.054716,1.1331,-0.0026815,0,3.5982,2.8536,0.05
-0.049811,1.1155,-0.00048109,0,3.3917,3.2828,0.05
-0.046099,1.1015,0.002305,0,3.1852,3.7121,0.05
-0.042235,1.0907,0.0024682,0,2.9787,4.1414,0.05
-0.039573,1.084,0.0019565,0,2.7722,4.5707,0.05
-0.037562,1.0807,0,0,2.5657,5,0.05
-0.039797,1.0782,0.040138,0,5.6633,-1.1364,0.05
-0.035951,1.1307,0.03358,0,5.8698,-1.5657,0.05
-0.032517,1.1348,0.026524,0,6.0763,-1.995,0.05
-0.02979,1.1237,0.022248,0,6.2828,-2.4243,0.05
-0.027437,1.1072,0.016867,0,6.4894,-2.8536,0.05
-0.0253,1.0919,0.013703,0,6.6959,-3.2828,0.05
-0.023521,1.0796,0.0094913,0,6.9024,-3.7121,0.05
-0.021701,1.0706,0.0065764,0,7.1089,-4.1414,0.05
-0.020166,1.0647,0.0030761,0,7.3154,-4.5707,0.05
-0.020071,1.0631,0,0,7.3154,-5,0.05
-0.039341,0.81907,0.047217,-2.0294e-19,5.6633,-0.70711,0.05
-0.04179,0.40172,0.03425,-2.4495e-20,5.5628,-0.36779,0.05
-0.04552,0.14447,-1.2226e-05,-2.3194e-21,5.4,9.2519e-18,0.05
-0.055485,0.37612,-0.035189,2.6196e-20,5.1594,0.36909,0.05
-0.065052,0.80756,-0.046912,-7.8277e-22,4.8373,0.70711,0.05
-0.065803,1.0982,-0.036224,0,4.6308,1.1364,0.05
-0.064419,1.1552,-0.02736,0,4.4243,1.5657,0.05
-0.06119,1.1607,-0.016849,0,4.2178,1.995,0.05
-0.057314,1.1495,-0.011818,0,4.0112,2.4243,0.05
-0.053639,1.132,-0.0048728,0,3.8047,2.8536,0.05
-0.049445,1.115,-0.0023517,0,3.5982,3.2828,0.05
-0.046195,1.1015,0.00083444,0,3.3917,3.7121,0.05
-0.042783,1.0911,0.0013991,0,3.1852,4.1414,0.05
-0.040546,1.0848,0.0014202,0,2.9787,4.5707,0.05
-0.038835,1.0818,0,0,2.7722,5,0.05
-0.035278,1.0749,0.039607,0,5.8698,-1.1364,0.05
-0.032374,1.1276,0.033185,0,6.0763,-1.5657,0.05
-0.029619,1.1322,0.026343,0,6.2828,-1.995,0.05
-0.027363,1.1215,0.022081,0,6.4894,-2.4243,0.05
-0.025322,1.1052,0.016801,0,6.6959,-2.8536,0.05
-0.023406,1.0901,0.013625,0,6.9024,-3.2828,0.05
-0.021758,1.0779,0.0094556,0,7.1089,-3.7121,0.05
-0.020027,1.069,0.0065351,0,7.3154,-4.1414,0.05
-0.018534,1.0632,0.0030582,0,7.5219,-4.5707,0.05
-0.018453,1.0616,0,0,7.5219,-5,0.05
-0.034001,0.82208,0.046013,-5.0886e-20,5.8698,-0.70711,0.05
-0.035772,0.41425,0.033234,-2.2457e-19,5.7645,-0.36715,0.05
-0.039061,0.16204,-1.1794e-05,-2.6835e-20,5.6,0,0.05
-0.048384,0.38906,-0.034948,-1.4293e-19,5.3611,0.36844,0.05
-0.058141,0.8104,-0.047987,0,5.0438,0.70711,0.05
-0.060426,1.0939,-0.038099,0,4.8373,1.1364,0.05
-0.060402,1.1516,-0.029464,0,4.6308,1.5657,0.05
-0.058275,1.158,-0.019192,0,4.4243,1.995,0.05
-0.055315,1.1475,-0.013957,0,4.2178,2.4243,0.05
-0.05233,1.1307,-0.0068801,0,4.0112,2.8536,0.05
-0.048785,1.1143,-0.004079,0,3.8047,3.2828,0.05
-0.046014,1.1012,-0.00054451,0,3.5982,3.7121,0.05
-0.043069,1.0912,0.00040111,0,3.3917,4.1414,0.05
-0.041237,1.0853,0.00091443,0,3.1852,4.5707,0.05
-0.039807,1.0826,0,0,2.9787,5,0.05
-0.031102,1.0719,0.038801,0,6.0763,-1.1364,0.05
-0.029027,1.1248,0.0326,0,6.2828,-1.5657,0.05
-0.026874,1.1297,0.026018,0,6.4894,-1.995,0.05
-0.025035,1.1193,0.021815,0,6.6959,-2.4243,0.05
-0.023273,1.1033,0.016665,0,6.9024,-2.8536,0.05
-0.021554,1.0884,0.0135,0,7.1089,-3.2828,0.05
-0.020023,1.0763,0.0093906,0,7.3154,-3.7121,0.05
-0.018372,1.0674,0.0064778,0,7.5219,-4.1414,0.05
-0.016917,1.0616,0.0030342,0,7.7284,-4.5707,0.05
-0.016847,1.0601,0,0,7.7284,-5,0.05
-0.029181,0.82512,0.044516,8.4996e-20,6.0763,-0.70711,0.05
-0.030357,0.42643,0.031985,-2.0886e-20,5.9662,-0.3665,0.05
-0.033211,0.17929,-1.1234e-05,-1.6077e-24,5.8,0,0.05
-0.041791,0.40186,-0.034263,-4.0153e-21,5.5628,0.36779,0.05
-0.051476,0.81327,-0.048321,-1.0051e-19,5.2503,0.70711,0.05
-0.05503,1.0897,-0.039372,0,5.0438,1.1364,0.05
-0.056242,1.148,-0.031123,0,4.8373,1.5657,0.05
-0.055175,1.1552,-0.021194,0,4.6308,1.995,0.05
-0.053111,1.1454,-0.015843,0,4.4243,2.4243,0.05
-0.050803,1.1292,-0.0086989,0,4.2178,2.8536,0.05
-0.047885,1.1134,-0.0056595,0,4.0112,3.2828,0.05
-0.045601,1.1007,-0.0018181,0,3.8047,3.7121,0.05
-0.043126,1.0912,-0.00052506,0,3.5982,4.1414,0.05
-0.041658,1.0855,0.00043855,0,3.3917,4.5707,0.05
-0.040494,1.0831,0,0,3.1852,5,0.05
-0.02728,1.0693,0.037782,0,6.2828,-1.1364,0.05
-0.025918,1.1222,0.031866,0,6.4894,-1.5657,0.05
-0.024288,1.1274,0.025578,0,6.6959,-1.995,0.05
-0.022812,1.1173,0.021471,0,6.9024,-2.4243,0.05
-0.021295,1.1015,0.016471,0,7.1089,-2.8536,0.05
-0.019749,1.0867,0.013339,0,7.3154,-3.2828,0.05
-0.01832,1.0747,0.009303,0,7.5219,-3.7121,0.05
-0.01674,1.0659,0.0064088,0,7.7284,-4.1414,0.05
-0.015319,1.0601,0.0030061,0,7.9349,-4.5707,0.05
-0.015258,1.0586,0,0,7.9349,-5,0.05
-0.024876,0.82817,0.042815,3.8775e-20,6.2828,-0.70711,0.05
-0.025544,0.43819,0.030588,9.4359e-20,6.1679,-0.36585,0.05
-0.027985,0.19606,-1.0429e-05,1.3349e-26,6,0,0.05
-0.035772,0.41439,-0.033246,2.2457e-19,5.7645,0.36715,0.05
-0.045182,0.8162,-0.048026,-2.9069e-20,5.4568,0.70711,0.05
-0.049733,1.0856,-0.040093,0,5.2503,1.1364,0.05
-0.052022,1.1443,-0.03235,0,5.0438,1.5657,0.05
-0.051942,1.1522,-0.022854,0,4.8373,1.995,0.05
-0.050733,1.1432,-0.017471,0,4.6308,2.4243,0.05
-0.049085,1.1276,-0.010325,0,4.4243,2.8536,0.05
-0.046778,1.1122,-0.0070897,0,4.2178,3.2828,0.05
-0.044969,1.1,-0.0029867,0,4.0112,3.7121,0.05
-0.042951,1.0909,-0.001384,0,3.8047,4.1414,0.05
-0.041804,1.0856,-9.9388e-06,0,3.5982,4.5707,0.05
-0.040916,1.0834,0,0,3.3917,5,0.05
-0.023812,1.0669,0.036609,0,6.4894,-1.1364,0.05
-0.023048,1.1198,0.031023,0,6.6959,-1.5657,0.05
-0.021864,1.1253,0.025051,0,6.9024,-1.995,0.05
-0.020698,1.1153,0.021068,0,7.1089,-2.4243,0.05
-0.019392,1.0997,0.016234,0,7.3154,-2.8536,0.05
-0.017993,1.0851,0.013151,0,7.5219,-3.2828,0.05
-0.016651,1.0732,0.0091992,0,7.7284,-3.7121,0.05
-0.015133,1.0644,0.006332,0,7.9349,-4.1414,0.05
-0.013742,1.0587,0.0029755,0,8.1414,-4.5707,0.05
-0.013688,1.0571,0,0,8.1414,-5,0.05
-0.021065,0.83122,0.040989,-1.8361e-20,6.4894,-0.70711,0.05
-0.021313,0.44948,0.029107,2.9423e-20,6.3696,-0.36521,0.05
-0.023372,0.21225,-9.5206e-06,5.2915e-25,6.2,0,0.05
-0.030357,0.42657,-0.031997,2.0887e-20,5.9662,0.3665,0.05
-0.039341,0.81916,-0.04722,2.0294e-19,5.6633,0.70711,0.05
-0.044633,1.0818,-0.040326,0,5.4568,1.1364,0.05
-0.047823,1.1407,-0.03317,0,5.2503,1.5657,0.05
-0.048629,1.1492,-0.024178,0,5.0438,1.995,0.05
-0.048219,1.1408,-0.018843,0,4.8373,2.4243,0.05
-0.047205,1.1257,-0.011755,0,4.6308,2.8536,0.05
-0.045484,1.111,-0.0083685,0,4.4243,3.2828,0.05
-0.044132,1.0992,-0.0040516,0,4.2178,3.7121,0.05
-0.042535,1.0904,-0.0021745,0,4.0112,4.1414,0.05
-0.041696,1.0854,-0.00042998,0,3.8047,4.5707,0.05
-0.041099,1.0834,0,0,3.5982,5,0.05
-0.020686,1.0648,0.035333,0,6.6959,-1.1364,0.05
-0.020414,1.1176,0.030103,0,6.9024,-1.5657,0.05
-0.019601,1.1232,0.024461,0,7.1089,-1.995,0.05
-0.018695,1.1135,0.020623,0,7.3154,-2.4243,0.05
-0.017564,1.098,0.015967,0,7.5219,-2.8536,0.05
-0.016289,1.0835,0.012945,0,7.7284,-3.2828,0.05
-0.015018,1.0716,0.009085,0,7.9349,-3.7121,0.05
-0.013552,1.0629,0.0062511,0,8.1414,-4.1414,0.05
-0.012186,1.0572,0.002944,0,8.3479,-4.5707,0.05
-0.012138,1.0557,0,0,8.3479,-5,0.05
-0.017719,0.83425,0.039099,-4.0707e-20,6.6959,-0.70711,0.05
-0.017625,0.46028,0.027597,-2.091e-20,6.5712,-0.36456,0.05
-0.019341,0.22778,-8.6094e-06,-9.3546e-28,6.4,0,0.05
-0.025545,0.43832,-0.030598,-9.4845e-20,6.1679,0.36585,0.05
-0.034002,0.82217,-0.046017,5.0887e-20,5.8698,0.70711,0.05
-0.039798,1.0782,-0.040142,0,5.6633,1.1364,0.05
-0.043711,1.1372,-0.03362,0,5.4568,1.5657,0.05
-0.04529,1.1462,-0.025184,0,5.2503,1.995,0.05
-0.045607,1.1384,-0.019963,0,5.0438,2.4243,0.05
-0.045191,1.1238,-0.012991,0,4.8373,2.8536,0.05
-0.044026,1.1096,-0.0094961,0,4.6308,3.2828,0.05
-0.043111,1.0981,-0.0050128,0,4.4243,3.7121,0.05
-0.041906,1.0898,-0.0028944,0,4.2178,4.1414,0.05
-0.041375,1.085,-0.00081724,0,4.0112,4.5707,0.05
-0.041054,1.0833,0,0,3.8047,5,0.05
-0.017885,1.0629,0.033997,0,6.9024,-1.1364,0.05
-0.018006,1.1156,0.029137,0,7.1089,-1.5657,0.05
-0.017496,1.1213,0.02383,0,7.3154,-1.995,0.05
-0.0168,1.1117,0.020153,0,7.5219,-2.4243,0.05
-0.015812,1.0963,0.015681,0,7.7284,-2.8536,0.05
-0.014637,1.0819,0.012729,0,7.9349,-3.2828,0.05
-0.013423,1.0701,0.0089659,0,8.1414,-3.7121,0.05
-0.011999,1.0615,0.0061693,0,8.3479,-4.1414,0.05
-0.010651,1.0558,0.0029131,0,8.5544,-4.5707,0.05
-0.010607,1.0542,0,0,8.5544,-5,0.05
-0.014799,0.83725,0.037197,-2.2128e-20,6.9024,-0.70711,0.05
-0.014436,0.47057,0.026097,-3.8052e-20,6.7729,-0.36391,0.05
-0.015848,0.24262,-7.7539e-06,0,6.6,0,0.05
-0.021313,0.44961,-0.029117,-2.9818e-20,6.3696,0.36521,0.05
-0.029182,0.82521,-0.04452,-8.5413e-20,6.0763,0.70711,0.05
-0.035278,1.0749,-0.039612,0,5.8698,1.1364,0.05
-0.03974,1.1339,-0.033743,0,5.6633,1.5657,0.05
-0.041972,1.1432,-0.025893,0,5.4568,1.995,0.05
-0.042936,1.1359,-0.020842,0,5.2503,2.4243,0.05
-0.043071,1.1218,-0.014035,0,5.0438,2.8536,0.05
-0.042427,1.108,-0.010475,0,4.8373,3.2828,0.05
-0.041925,1.097,-0.0058701,0,4.6308,3.7121,0.05
-0.041091,1.0889,-0.0035435,0,4.4243,4.1414,0.05
-0.040857,1.0844,-0.0011705,0,4.2178,4.5707,0.05
-0.040787,1.0829,0,0,4.0112,5,0.05
-0.015387,1.0613,0.032638,0,7.1089,-1.1364,0.05
-0.015813,1.1138,0.028152,0,7.3154,-1.5657,0.05
-0.015542,1.1196,0.023179,0,7.5219,-1.995,0.05
-0.01501,1.11,0.019671,0,7.7284,-2.4243,0.05
-0.014134,1.0947,0.015386,0,7.9349,-2.8536,0.05
-0.013035,1.0804,0.012511,0,8.1414,-3.2828,0.05
-0.011863,1.0687,0.0088468,0,8.3479,-3.7121,0.05
-0.010471,1.06,0.0060894,0,8.5544,-4.1414,0.05
-0.0091379,1.0543,0.002884,0,8.7609,-4.5707,0.05
-0.0090966,1.0528,0,0,8.7609,-5,0.05
-0.012267,0.8402,0.035325,0,7.1089,-0.70711,0.05
-0.011698,0.48036,0.024638,-1.7339e-20,6.9746,-0.36326,0.05
-0.012844,0.25674,-7.0827e-06,2.5436e-22,6.8,0,0.05
-0.017625,0.46041,-0.027606,2.091e-20,6.5712,0.36456,0.05
-0.024877,0.82826,-0.042819,-3.9291e-20,6.2828,0.70711,0.05
-0.031102,1.072,-0.038805,0,6.0763,1.1364,0.05
-0.035952,1.1307,-0.033583,0,5.8698,1.5657,0.05
-0.038717,1.1403,-0.026333,0,5.6633,1.995,0.05
-0.040242,1.1334,-0.021496,0,5.4568,2.4243,0.05
-0.040874,1.1197,-0.014896,0,5.2503,2.8536,0.05
-0.040709,1.1064,-0.011308,0,5.0438,3.2828,0.05
-0.040594,1.0957,-0.0066246,0,4.8373,3.7121,0.05
-0.04011,1.088,-0.0041223,0,4.6308,4.1414,0.05
-0.040156,1.0837,-0.0014903,0,4.4243,4.5707,0.05
-0.040312,1.0824,0,0,4.2178,5,0.05
-0.01317,1.0599,0.031285,0,7.3154,-1.1364,0.05
-0.013821,1.1121,0.027168,0,7.5219,-1.5657,0.05
-0.013731,1.1179,0.022524,0,7.7284,-1.995,0.05
-0.01332,1.1084,0.01919,0,7.9349,-2.4243,0.05
-0.012525,1.0932,0.015092,0,8.1414,-2.8536,0.05
-0.011482,1.0789,0.012297,0,8.3479,-3.2828,0.05
-0.010337,1.0672,0.0087321,0,8.5544,-3.7121,0.05
-0.0089686,1.0586,0.0060143,0,8.7609,-4.1414,0.05
-0.0076442,1.0529,0.0028578,0,8.9675,-4.5707,0.05
-0.0076049,1.0514,0,0,8.9675,-5,0.05
-0.010084,0.84309,0.03351,-7.7626e-21,7.3154,-0.70711,0.05
-0.0093634,0.48964,0.023242,6.2268e-37,7.1763,-0.36262,0.05
-0.01028,0.27014,-6.509e-06,2.3982e-22,7,0,0.05
-0.014437,0.47069,-0.026106,-3.4094e-21,6.7729,0.36391,0.05
-0.021066,0.83131,-0.040993,1.8361e-20,6.4894,0.70711,0.05
-0.027281,1.0693,-0.037786,0,6.2828,1.1364,0.05
-0.032375,1.1277,-0.033189,0,6.0763,1.5657,0.05
-0.035557,1.1375,-0.026534,0,5.8698,1.995,0.05
-0.037555,1.1309,-0.021943,0,5.6633,2.4243,0.05
-0.038628,1.1176,-0.015583,0,5.4568,2.8536,0.05
-0.038899,1.1046,-0.012003,0,5.2503,3.2828,0.05
-0.03914,1.0943,-0.0072788,0,5.0438,3.7121,0.05
-0.038981,1.0869,-0.004632,0,4.8373,4.1414,0.05
-0.039286,1.0828,-0.001777,0,4.6308,4.5707,0.05
-0.039649,1.0817,0,0,4.4243,5,0.05
-0.011209,1.0587,0.029964,0,7.5219,-1.1364,0.05
-0.012015,1.1106,0.026205,0,7.7284,-1.5657,0.05
-0.012052,1.1164,0.02188,0,7.9349,-1.995,0.05
-0.011725,1.1069,0.018722,0,8.1414,-2.4243,0.05
-0.010984,1.0917,0.014808,0,8.3479,-2.8536,0.05
-0.0099744,1.0775,0.012093,0,8.5544,-3.2828,0.05
-0.0088446,1.0658,0.0086257,0,8.7609,-3.7121,0.05
-0.0074901,1.0572,0.005946,0,8.9675,-4.1414,0.05
-0.0061683,1.0515,0.0028355,0,9.174,-4.5707,0.05
-0.0061308,1.05,0,0,9.174,-5,0.05
-0.0082103,0.84593,0.031778,-1.1752e-21,7.5219,-0.70711,0.05
-0.0073845,0.49845,0.021922,-8.4261e-21,7.378,-0.36197,0.05
-0.0081039,0.28285,-5.8816e-06,1.1958e-36,7.2,4.6259e-18,0.05
-0.0117,0.48048,-0.024647,-1.734e-20,6.9746,0.36326,0.05
-0.017719,0.83434,-0.039103,3.6536e-21,6.6959,0.70711,0.05
-0.023812,1.0669,-0.036613,0,6.4894,1.1364,0.05
-0.029027,1.1248,-0.032603,0,6.2828,1.5657,0.05
-0.032518,1.1348,-0.026528,0,6.0763,1.995,0.05
-0.034903,1.1285,-0.022203,0,5.8698,2.4243,0.05
-0.036358,1.1155,-0.016107,0,5.6633,2.8536,0.05
-0.037018,1.1029,-0.012564,0,5.4568,3.2828,0.05
-0.037583,1.0928,-0.0078359,0,5.2503,3.7121,0.05
-0.037723,1.0856,-0.0050745,0,5.0438,4.1414,0.05
-0.038267,1.0818,-0.0020312,0,4.8373,4.5707,0.05
-0.038817,1.0809,0,0,4.6308,5,0.05
-0.0094779,1.0577,0.028693,0,7.7284,-1.1364,0.05
-0.010379,1.1092,0.025279,0,7.9349,-1.5657,0.05
-0.010496,1.1149,0.021261,0,8.1414,-1.995,0.05
-0.010216,1.1055,0.018277,0,8.3479,-2.4243,0.05
-0.0095029,1.0903,0.014541,0,8.5544,-2.8536,0.05
-0.0085096,1.0761,0.011904,0,8.7609,-3.2828,0.05
-0.0073815,1.0644,0.0085307,0,8.9675,-3.7121,0.05
-0.0060333,1.0558,0.0058866,0,9.174,-4.1414,0.05
-0.0047077,1.0501,0.0028178,0,9.3805,-4.5707,0.05
-0.0046725,1.0486,0,0,9.3805,-5,0.05
-0.0066097,0.84869,0.030144,4.2748e-21,7.7284,-0.70711,0.05
-0.0057171,0.50679,0.020688,1.0471e-21,7.5797,-0.36132,0.05
-0.0062696,0.29488,-5.229e-06,0,7.4,-9.2519e-18,0.05
-0.0093655,0.48976,-0.023249,6.2266e-37,7.1763,0.36262,0.05
-0.014799,0.83733,-0.037202,-2.2129e-20,6.9024,0.70711,0.05
-0.020686,1.0648,-0.035337,0,6.6959,1.1364,0.05
-0.025918,1.1222,-0.03187,0,6.4894,1.5657,0.05
-0.02962,1.1322,-0.026347,0,6.2828,1.995,0.05
-0.032309,1.1261,-0.022298,0,6.0763,2.4243,0.05
-0.034086,1.1134,-0.016482,0,5.8698,2.8536,0.05
-0.035087,1.1011,-0.013002,0,5.6633,3.2828,0.05
-0.035944,1.0912,-0.0083004,0,5.4568,3.7121,0.05
-0.036356,1.0843,-0.005452,0,5.2503,4.1414,0.05
-0.037115,1.0807,-0.0022537,0,5.0438,4.5707,0.05
-0.037836,1.0799,0,0,4.8373,5,0.05
-0.0079543,1.0569,0.027489,0,7.9349,-1.1364,0.05
-0.0088979,1.108,0.024402,0,8.1414,-1.5657,0.05
-0.0090519,1.1136,0.020678,0,8.3479,-1.995,0.05
-0.0087869,1.1041,0.017862,0,8.5544,-2.4243,0.05
-0.0080783,1.089,0.014297,0,8.7609,-2.8536,0.05
-0.0070835,1.0748,0.011736,0,8.9675,-3.2828,0.05
-0.0059448,1.0631,0.0084501,0,9.174,-3.7121,0.05
-0.0045955,1.0545,0.0058377,0,9.3805,-4.1414,0.05
-0.0032591,1.0487,0.0028052,0,9.587,-4.5707,0.05
-0.0032282,1.0472,0,0,9.587,-5,0.05
-0.0052485,0.85139,0.028619,-6.1073e-22,7.9349,-0.70711,0.05
-0.0043212,0.5147,0.019545,1.7639e-21,7.7814,-0.36067,0.05
-0.0047329,0.30628,-4.6306e-06,0,7.6,-9.2519e-18,0.05
-0.0073871,0.49856,-0.021929,8.4257e-21,7.378,0.36197,0.05
-0.012267,0.84028,-0.035329,0,7.1089,0.70711,0.05
-0.017885,1.063,-0.034001,0,6.9024,1.1364,0.05
-0.023048,1.1198,-0.031026,0,6.6959,1.5657,0.05
-0.026874,1.1297,-0.026021,0,6.4894,1.995,0.05
-0.029791,1.1237,-0.022251,0,6.2828,2.4243,0.05
-0.031831,1.1113,-0.016724,0,6.0763,2.8536,0.05
-0.033127,1.0992,-0.013326,0,5.8698,3.2828,0.05
-0.034241,1.0896,-0.0086777,0,5.6633,3.7121,0.05
-0.034897,1.0829,-0.0057678,0,5.4568,4.1414,0.05
-0.03585,1.0795,-0.0024455,0,5.2503,4.5707,0.05
-0.036722,1.0788,0,0,5.0438,5,0.05
-0.0066152,1.0561,0.026364,0,8.1414,-1.1364,0.05
-0.007556,1.1068,0.023586,0,8.3479,-1.5657,0.05
-0.0077093,1.1123,0.02014,0,8.5544,-1.995,0.05
-0.0074298,1.1028,0.017485,0,8.7609,-2.4243,0.05
-0.0067041,1.0876,0.014082,0,8.9675,-2.8536,0.05
-0.0056914,1.0734,0.011592,0,9.174,-3.2828,0.05
-0.0045304,1.0617,0.008386,0,9.3805,-3.7121,0.05
-0.0031742,1.0531,0.0058005,0,9.587,-4.1414,0.05
-0.0018145,1.0472,0.0027982,0,9.7935,-4.5707,0.05
-0.001792,1.0457,0,0,9.7935,-5,0.05
-0.0040964,0.85401,0.027212,5.0989e-21,8.1414,-0.70711,0.05
-0.0031608,0.5222,0.018498,4.8168e-22,7.9831,-0.36003,0.05
-0.0034547,0.31707,-4.1006e-06,-6.703e-22,7.8,-4.6259e-18,0.05
-0.0057206,0.50691,-0.020694,-1.0471e-21,7.5797,0.36132,0.05
-0.010084,0.84318,-0.033515,7.7623e-21,7.3154,0.70711,0.05
-0.015387,1.0614,-0.032642,0,7.1089,1.1364,0.05
-0.020413,1.1176,-0.030106,0,6.9024,1.5657,0.05
-0.024287,1.1274,-0.025582,0,6.6959,1.995,0.05
-0.027363,1.1215,-0.022084,0,6.4894,2.4243,0.05
-0.029611,1.1092,-0.016848,0,6.2828,2.8536,0.05
-0.031155,1.0974,-0.013547,0,6.0763,3.2828,0.05
-0.032491,1.088,-0.008974,0,5.8698,3.7121,0.05
-0.033364,1.0815,-0.0060253,0,5.6633,4.1414,0.05
-0.034488,1.0781,-0.0026081,0,5.4568,4.5707,0.05
-0.035493,1.0776,0,0,5.2503,5,0.05
-0.0054399,1.0555,0.025326,0,8.3479,-1.1364,0.05
-0.0063381,1.1058,0.02284,0,8.5544,-1.5657,0.05
-0.0064574,1.1112,0.019656,0,8.7609,-1.995,0.05
-0.0061369,1.1015,0.017153,0,8.9675,-2.4243,0.05
-0.0053737,1.0864,0.0139,0,9.174,-2.8536,0.05
-0.0043282,1.0721,0.011474,0,9.3805,-3.2828,0.05
-0.0031337,1.0604,0.0083401,0,9.587,-3.7121,0.05
-0.0017629,1.0516,0.0057762,0,9.7935,-4.1414,0.05
0,1.0463,0.0027962,0,10,-4.5707,0.05
-0.00070678,1.0449,0,0,10,-5,0.05
-0.0031276,0.85657,0.025927,-1.7984e-23,8.3479,-0.70711,0.05
-0.002204,0.52933,0.017545,5.0377e-21,8.1848,-0.35938,0.05
-0.0024004,0.3273,-3.6219e-06,9.704e-23,8,0,0.05
-0.0043264,0.51481,-0.019552,-2.4703e-21,7.7814,0.36067,0.05
-0.0082101,0.84601,-0.031783,1.1752e-21,7.5219,0.70711,0.05
-0.01317,1.06,-0.031289,0,7.3154,1.1364,0.05
-0.018006,1.1156,-0.02914,0,7.1089,1.5657,0.05
-0.021863,1.1253,-0.025054,0,6.9024,1.995,0.05
-0.025034,1.1193,-0.021818,0,6.6959,2.4243,0.05
-0.027438,1.1072,-0.016869,0,6.4894,2.8536,0.05
-0.029185,1.0955,-0.013676,0,6.2828,3.2828,0.05
-0.030709,1.0863,-0.0091961,0,6.0763,3.7121,0.05
-0.031772,1.08,-0.0062287,0,5.8698,4.1414,0.05
-0.033046,1.0768,-0.002743,0,5.6633,4.5707,0.05
-0.034167,1.0764,0,0,5.4568,5,0.05
-0.0044088,1.055,0.024385,0,8.5544,-1.1364,0.05
-0.0052305,1.1048,0.022171,0,8.7609,-1.5657,0.05
-0.0052862,1.1101,0.019233,0,8.9675,-1.995,0.05
-0.0048998,1.1003,0.016872,0,9.174,-2.4243,0.05
-0.0040802,1.0851,0.013757,0,9.3805,-2.8536,0.05
-0.0029887,1.0708,0.011386,0,9.587,-3.2828,0.05
-0.0017457,1.0589,0.0083134,0,9.7935,-3.7121,0.05
0,1.0508,0.0057674,0,10,-4.1414,0.05
-0.002317,0.85907,0.024767,-4.9239e-24,8.5544,-0.70711,0.05
-0.0014279,0.53611,0.016688,1.7263e-24,8.3865,-0.35873,0.05
-0.0015401,0.33702,-3.1548e-06,7.4789e-22,8.2,4.6259e-18,0.05
-0.0031691,0.52232,-0.018504,-5.0236e-22,7.9831,0.36003,0.05
-0.0066092,0.84877,-0.030148,-4.341e-21,7.7284,0.70711,0.05
-0.011209,1.0588,-0.029967,0,7.5219,1.1364,0.05
-0.015813,1.1138,-0.028154,0,7.3154,1.5657,0.05
-0.019601,1.1232,-0.024464,0,7.1089,1.995,0.05
-0.022811,1.1173,-0.021473,0,6.9024,2.4243,0.05
-0.025322,1.1052,-0.016804,0,6.6959,2.8536,0.05
-0.02723,1.0937,-0.013725,0,6.4894,3.2828,0.05
-0.02891,1.0846,-0.0093514,0,6.2828,3.7121,0.05
-0.030136,1.0784,-0.0063825,0,6.0763,4.1414,0.05
-0.031539,1.0753,-0.0028522,0,5.8698,4.5707,0.05
-0.032758,1.075,0,0,5.6633,5,0.05
-0.0035043,1.0546,0.023545,0,8.7609,-1.1364,0.05
-0.0042204,1.104,0.021586,0,8.9675,-1.5657,0.05
-0.0041851,1.109,0.018877,0,9.174,-1.995,0.05
-0.0037094,1.0991,0.016646,0,9.3805,-2.4243,0.05
-0.0028164,1.0839,0.013654,0,9.587,-2.8536,0.05
-0.001664,1.0694,0.011331,0,9.7935,-3.2828,0.05
0,1.0581,0.0083049,0,10,-3.7121,0.05
-0.0016415,0.8615,0.023734,-1.8532e-22,8.7609,-0.70711,0.05
-0.00080616,0.54258,0.015925,-1.8938e-23,8.5882,-0.35808,0.05
-0.00085277,0.34626,-2.6852e-06,3.3359e-23,8.4,4.6259e-18,0.05
-0.0022185,0.52944,-0.017551,-4.3057e-21,8.1848,0.35938,0.05
-0.0052483,0.85147,-0.028624,5.3476e-22,7.9349,0.70711,0.05
-0.0094777,1.0578,-0.028696,0,7.7284,1.1364,0.05
-0.013821,1.1121,-0.027171,0,7.5219,1.5657,0.05
-0.017497,1.1213,-0.023833,0,7.3154,1.995,0.05
-0.020698,1.1153,-0.02107,0,7.1089,2.4243,0.05
-0.023273,1.1033,-0.016667,0,6.9024,2.8536,0.05
-0.025301,1.0919,-0.013705,0,6.6959,3.2828,0.05
-0.027106,1.0829,-0.0094475,0,6.4894,3.7121,0.05
-0.028469,1.0769,-0.0064915,0,6.2828,4.1414,0.05
-0.029979,1.0739,-0.0029376,0,6.0763,4.5707,0.05
-0.031282,1.0736,0,0,5.8698,5,0.05
-0.0027119,1.0542,0.022812,0,8.9675,-1.1364,0.05
-0.0032949,1.1032,0.021091,0,9.174,-1.5657,0.05
-0.0031435,1.108,0.018593,0,9.3805,-1.995,0.05
-0.0025564,1.098,0.016479,0,9.587,-2.4243,0.05
-0.0015712,1.0825,0.013593,0,9.7935,-2.8536,0.05
0,1.0686,0.011311,0,10,-3.2828,0.05
-0.0010847,0.86389,0.022829,-1.3473e-23,8.9675,-0.70711,0.05
-0.00031078,0.54877,0.015254,-1.118e-22,8.7899,-0.35744,0.05
-0.00028779,0.35508,-3.3039e-06,1.2416e-23,8.6,-6.9389e-18,0.05
-0.0014508,0.53622,-0.016694,1.7442e-24,8.3865,0.35873,0.05
-0.0040986,0.85409,-0.027216,-5.1326e-21,8.1414,0.70711,0.05
-0.0079537,1.0569,-0.027492,0,7.9349,1.1364,0.05
-0.012015,1.1106,-0.026208,0,7.7284,1.5657,0.05
-0.015543,1.1196,-0.023182,0,7.5219,1.995,0.05
-0.018696,1.1134,-0.020625,0,7.3154,2.4243,0.05
-0.021295,1.1014,-0.016473,0,7.1089,2.8536,0.05
-0.023407,1.0901,-0.013627,0,6.9024,3.2828,0.05
-0.025306,1.0812,-0.0094922,0,6.6959,3.7121,0.05
-0.026782,1.0753,-0.0065605,0,6.4894,4.1414,0.05
-0.028382,1.0724,-0.0030015,0,6.2828,4.5707,0.05
-0.029753,1.0722,0,0,6.0763,5,0.05
-0.002018,1.054,0.022189,0,9.174,-1.1364,0.05
-0.0024416,1.1024,0.020692,0,9.3805,-1.5657,0.05
-0.0021509,1.107,0.018387,0,9.587,-1.995,0.05
-0.0014282,1.0967,0.016375,0,9.7935,-2.4243,0.05
0,1.0817,0.013574,0,10,-2.8536,0.05
-0.0006321,0.86622,0.022051,1.0066e-22,9.174,-0.70711,0.05
7.5992e-05,0.55471,0.014676,3.0344e-23,8.9915,-0.35679,0.05
0.000138,0.36352,-3.351e-06,5.7404e-23,8.8,-2.313e-18,0.05
-0.0007967,0.54269,-0.01593,2.1434e-23,8.5882,0.35808,0.05
-0.0031366,0.85665,-0.025932,-1.8169e-23,8.3479,0.70711,0.05
-0.0066144,1.0562,-0.026367,0,8.1414,1.1364,0.05
-0.010379,1.1092,-0.025281,0,7.9349,1.5657,0.05
-0.013731,1.1179,-0.022526,0,7.7284,1.995,0.05
-0.016801,1.1117,-0.020155,0,7.5219,2.4243,0.05
-0.019393,1.0997,-0.016236,0,7.3154,2.8536,0.05
-0.021555,1.0884,-0.013502,0,7.1089,3.2828,0.05
-0.023521,1.0796,-0.009493,0,6.9024,3.7121,0.05
-0.025085,1.0737,-0.0065946,0,6.6959,4.1414,0.05
-0.026756,1.0708,-0.003046,0,6.4894,4.5707,0.05
-0.028184,1.0707,0,0,6.2828,5,0.05
-0.0014102,1.0538,0.021681,0,9.3805,-1.1364,0.05
-0.0016483,1.1017,0.020394,0,9.587,-1.5657,0.05
-0.0011944,1.106,0.018263,0,9.7935,-1.995,0.05
0,1.096,0.016339,0,10,-2.4243,0.05
-0.00026876,0.86852,0.021401,2.6208e-24,9.3805,-0.70711,0.05
0.00036431,0.56044,0.014189,1.4874e-23,9.1932,-0.35614,0.05
0.00044429,0.37162,-2.7223e-06,4.5263e-23,9,-2.313e-18,0.05
-0.00028737,0.54888,-0.01526,1.4502e-22,8.7899,0.35744,0.05
-0.0023149,0.85914,-0.024772,-4.5054e-24,8.5544,0.70711,0.05
-0.0054408,1.0555,-0.02533,0,8.3479,1.1364,0.05
-0.0088977,1.108,-0.024405,0,8.1414,1.5657,0.05
-0.012052,1.1164,-0.021883,0,7.9349,1.995,0.05
-0.015011,1.11,-0.019673,0,7.7284,2.4243,0.05
-0.017565,1.0979,-0.015969,0,7.5219,2.8536,0.05
-0.01975,1.0867,-0.013341,0,7.3154,3.2828,0.05
-0.021759,1.0779,-0.0094573,0,7.1089,3.7121,0.05
-0.023389,1.0721,-0.0065987,0,6.9024,4.1414,0.05
-0.025112,1.0693,-0.0030735,0,6.6959,4.5707,0.05
-0.026584,1.0692,0,0,6.4894,5,0.05
-0.00087856,1.0536,0.021289,0,9.587,-1.1364,0.05
-0.00090084,1.101,0.020205,0,9.7935,-1.5657,0.05
0,1.1054,0.018222,0,10,-1.995,0.05
2.0037e-05,0.87078,0.020878,5.0791e-23,9.587,-0.70711,0.05
0.00056438,0.566,0.013795,2.3612e-24,9.3949,-0.3555,0.05
0.0006801,0.37944,-2.8773e-06,9.3991e-25,9.2,2.313e-18,0.05
7.6252e-05,0.55482,-0.014681,1.6453e-23,8.9915,0.35679,0.05
-0.0016234,0.86158,-0.023738,1.6076e-22,8.7609,0.70711,0.05
-0.0044085,1.055,-0.024388,0,8.5544,1.1364,0.05
-0.0075559,1.1068,-0.023589,0,8.3479,1.5657,0.05
-0.010496,1.1149,-0.021264,0,8.1414,1.995,0.05
-0.013321,1.1084,-0.019192,0,7.9349,2.4243,0.05
-0.015813,1.0963,-0.015683,0,7.7284,2.8536,0.05
-0.017995,1.085,-0.013153,0,7.5219,3.2828,0.05
-0.020024,1.0763,-0.0093921,0,7.3154,3.7121,0.05
-0.021701,1.0705,-0.0065777,0,7.1089,4.1414,0.05
-0.023461,1.0678,-0.0030862,0,6.9024,4.5707,0.05
-0.024963,1.0677,0,0,6.6959,5,0.05
-0.00041671,1.0535,0.021018,0,9.7935,-1.1364,0.05
0,1.1006,0.020138,0,10,-1.5657,0.05
0.00024254,0.87326,0.020483,6.3874e-24,9.7935,-0.70711,0.05
0.0006911,0.57142,0.013499,3.794e-23,9.5966,-0.35485,0.05
0.00082721,0.38703,-2.954e-06,-1.2243e-23,9.4,8.0954e-18,0.05
0.0003638,0.56055,-0.014194,3.0509e-24,9.1932,0.35614,0.05
-0.0010697,0.86396,-0.022834,1.2574e-23,8.9675,0.70711,0.05
-0.0035018,1.0546,-0.023548,0,8.7609,1.1364,0.05
-0.0063382,1.1058,-0.022843,0,8.5544,1.5657,0.05
-0.0090518,1.1136,-0.020681,0,8.3479,1.995,0.05
-0.011725,1.1069,-0.018724,0,8.1414,2.4243,0.05
-0.014135,1.0947,-0.015388,0,7.9349,2.8536,0.05
-0.016291,1.0834,-0.012946,0,7.7284,3.2828,0.05
-0.018321,1.0747,-0.0093044,0,7.5219,3.7121,0.05
-0.020028,1.069,-0.0065363,0,7.3154,4.1414,0.05
-0.02181,1.0662,-0.0030866,0,7.1089,4.5707,0.05
-0.023332,1.0661,0,0,6.9024,5,0.05
0,1.0535,0.020914,0,10,-1.1364,0.05
0,0.87258,0.020361,1.071e-22,10,-0.70711,0.05
0.00074555,0.57737,0.013311,-7.1431e-26,9.7983,-0.3542,0.05
0.00089706,0.39446,-3.1189e-06,-1.2109e-23,9.6,-4.6259e-18,0.05
0.00056364,0.56611,-0.0138,-1.4551e-23,9.3949,0.3555,0.05
-0.00062067,0.8663,-0.022056,-8.1883e-23,9.174,0.70711,0.05
-0.0027098,1.0543,-0.022815,0,8.9675,1.1364,0.05
-0.0052305,1.1048,-0.022174,0,8.7609,1.5657,0.05
-0.0077094,1.1123,-0.020143,0,8.5544,1.995,0.05
-0.010216,1.1054,-0.018278,0,8.3479,2.4243,0.05
-0.012526,1.0932,-0.015094,0,8.1414,2.8536,0.05
-0.014638,1.0819,-0.01273,0,7.9349,3.2828,0.05
-0.016652,1.0731,-0.0092005,0,7.7284,3.7121,0.05
-0.018373,1.0674,-0.006479,0,7.5219,4.1414,0.05
-0.020167,1.0647,-0.0030768,0,7.3154,4.5707,0.05
-0.0217,1.0646,0,0,7.1089,5,0.05
0,0.58118,0.013276,8.3911e-23,10,-0.35355,0.05
0.00088086,0.40263,-3.2808e-06,-1.431e-23,9.8,-5.2042e-18,0.05
0.00069074,0.57153,-0.013505,-5.3241e-23,9.5966,0.35485,0.05
-0.00026058,0.8686,-0.021406,-2.4782e-24,9.3805,0.70711,0.05
-0.0020157,1.054,-0.022192,0,9.174,1.1364,0.05
-0.0042203,1.104,-0.021589,0,8.9675,1.5657,0.05
-0.0064578,1.1112,-0.019659,0,8.7609,1.995,0.05
-0.0087868,1.1041,-0.017864,0,8.5544,2.4243,0.05
-0.010984,1.0917,-0.01481,0,8.3479,2.8536,0.05
-0.013036,1.0804,-0.012512,0,8.1414,3.2828,0.05
-0.01502,1.0716,-0.0090863,0,7.9349,3.7121,0.05
-0.016742,1.0659,-0.0064099,0,7.7284,4.1414,0.05
-0.018534,1.0631,-0.0030588,0,7.5219,4.5707,0.05
-0.020072,1.0631,0,0,7.3154,5,0.05
0,0.40711,-3.327e-06,-2.8545e-23,10,0,0.05
0.00074548,0.57748,-0.013317,-1.4203e-23,9.7983,0.3542,0.05
2.545e-05,0.87086,-0.020883,-5.4188e-23,9.587,0.70711,0.05
-0.001408,1.0538,-0.021683,0,9.3805,1.1364,0.05
-0.0032947,1.1032,-0.021094,0,9.174,1.5657,0.05
-0.0052866,1.1101,-0.019236,0,8.9675,1.995,0.05
-0.0074301,1.1028,-0.017487,0,8.7609,2.4243,0.05
-0.0095031,1.0903,-0.014542,0,8.5544,2.8536,0.05
-0.011482,1.0789,-0.012298,0,8.3479,3.2828,0.05
-0.013423,1.0701,-0.0089672,0,8.1414,3.7121,0.05
-0.015134,1.0644,-0.0063331,0,7.9349,4.1414,0.05
-0.016918,1.0616,-0.0030348,0,7.7284,4.5707,0.05
-0.018453,1.0616,0,0,7.5219,5,0.05
0,0.58129,-0.013281,-1.1297e-22,10,0.35355,0.05
0.00024521,0.87333,-0.020487,-6.3832e-24,9.7935,0.70711,0.05
-0.00087687,1.0536,-0.021292,0,9.587,1.1364,0.05
-0.0024412,1.1024,-0.020695,0,9.3805,1.5657,0.05
-0.0041853,1.109,-0.01888,0,9.174,1.995,0.05
-0.0061374,1.1015,-0.017155,0,8.9675,2.4243,0.05
-0.0080787,1.089,-0.014298,0,8.7609,2.8536,0.05
-0.0099747,1.0775,-0.012094,0,8.5544,3.2828,0.05
-0.011863,1.0686,-0.0088481,0,8.3479,3.7121,0.05
-0.013553,1.0629,-0.0062521,0,8.1414,4.1414,0.05
-0.01532,1.0601,-0.0030067,0,7.9349,4.5707,0.05
-0.016848,1.0601,0,0,7.7284,5,0.05
0,0.87265,-0.020366,-1.0766e-22,10,0.70711,0.05
-0.00041588,1.0535,-0.021022,0,9.7935,1.1364,0.05
-0.001648,1.1017,-0.020397,0,9.587,1.5657,0.05
-0.0031436,1.108,-0.018596,0,9.3805,1.995,0.05
-0.0049002,1.1003,-0.016874,0,9.174,2.4243,0.05
-0.0067046,1.0876,-0.014083,0,8.9675,2.8536,0.05
-0.0085101,1.0761,-0.011906,0,8.7609,3.2828,0.05
-0.010338,1.0672,-0.0087334,0,8.5544,3.7121,0.05
-0.011999,1.0614,-0.0061702,0,8.3479,4.1414,0.05
-0.013742,1.0586,-0.002976,0,8.1414,4.5707,0.05
-0.015259,1.0586,0,0,7.9349,5,0.05
0,1.0535,-0.020917,0,10,1.1364,0.05
-0.00090074,1.101,-0.020208,0,9.7935,1.5657,0.05
-0.002151,1.107,-0.01839,0,9.587,1.995,0.05
-0.0037097,1.0991,-0.016648,0,9.3805,2.4243,0.05
-0.0053741,1.0863,-0.013902,0,9.174,2.8536,0.05
-0.007084,1.0747,-0.011737,0,8.9675,3.2828,0.05
-0.008845,1.0658,-0.0086269,0,8.7609,3.7121,0.05
-0.010471,1.06,-0.0060903,0,8.5544,4.1414,0.05
-0.012186,1.0572,-0.0029445,0,8.3479,4.5707,0.05
-0.013689,1.0571,0,0,8.1414,5,0.05
0,1.1006,-0.020141,0,10,1.5657,0.05
-0.0011945,1.106,-0.018266,0,9.7935,1.995,0.05
-0.0025566,1.098,-0.016481,0,9.587,2.4243,0.05
-0.0040805,1.0851,-0.013758,0,9.3805,2.8536,0.05
-0.0056918,1.0734,-0.011593,0,9.174,3.2828,0.05
-0.007382,1.0644,-0.0085319,0,8.9675,3.7121,0.05
-0.008969,1.0586,-0.0060151,0,8.7609,4.1414,0.05
-0.010651,1.0557,-0.0029136,0,8.5544,4.5707,0.05
-0.012138,1.0556,0,0,8.3479,5,0.05
0,1.1054,-0.018224,0,10,1.995,0.05
-0.0014283,1.0967,-0.016377,0,9.7935,2.4243,0.05
-0.0028166,1.0839,-0.013655,0,9.587,2.8536,0.05
-0.0043285,1.0721,-0.011475,0,9.3805,3.2828,0.05
-0.0059452,1.063,-0.0084513,0,9.174,3.7121,0.05
-0.0074905,1.0572,-0.0059468,0,8.9675,4.1414,0.05
-0.0091381,1.0543,-0.0028845,0,8.7609,4.5707,0.05
-0.010607,1.0542,0,0,8.5544,5,0.05
0,1.096,-0.016341,0,10,2.4243,0.05
-0.0015713,1.0825,-0.013595,0,9.7935,2.8536,0.05
-0.0029889,1.0708,-0.011388,0,9.587,3.2828,0.05
-0.0045307,1.0617,-0.0083871,0,9.3805,3.7121,0.05
-0.0060336,1.0558,-0.0058874,0,9.174,4.1414,0.05
-0.0076445,1.0529,-0.0028583,0,8.9675,4.5707,0.05
-0.0090968,1.0528,0,0,8.7609,5,0.05
0,1.0817,-0.013576,0,10,2.8536,0.05
-0.0016641,1.0694,-0.011332,0,9.7935,3.2828,0.05
-0.0031339,1.0603,-0.0083412,0,9.587,3.7121,0.05
-0.0045958,1.0544,-0.0058384,0,9.3805,4.1414,0.05
-0.0061686,1.0515,-0.0028359,0,9.174,4.5707,0.05
-0.0076052,1.0514,0,0,8.9675,5,0.05
0,1.0686,-0.011312,0,10,3.2828,0.05
-0.0017458,1.0589,-0.0083145,0,9.7935,3.7121,0.05
-0.0031744,1.0531,-0.0058013,0,9.587,4.1414,0.05
-0.0047079,1.0501,-0.0028182,0,9.3805,4.5707,0.05
-0.0061311,1.05,0,0,9.174,5,0.05
0,1.058,-0.008306,0,10,3.7121,0.05
-0.001763,1.0516,-0.0057769,0,9.7935,4.1414,0.05
-0.0032592,1.0487,-0.0028056,0,9.587,4.5707,0.05
-0.0046727,1.0486,0,0,9.3805,5,0.05
0,1.0508,-0.0057681,0,10,4.1414,0.05
-0.0018145,1.0472,-0.0027986,0,9.7935,4.5707,0.05
-0.0032283,1.0472,0,0,9.587,5,0.05
0,1.0463,-0.0027966,0,10,4.5707,0.05
-0.001792,1.0457,0,0,9.7935,5,0.05
-0.00070676,1.0448,0,0,10,5,0.05
