0.000000000000000000e+00,0.000000000000000000e+00
3.745000000000000284e+01,0.000000000000000000e+00
7.490000000000000568e+01,0.000000000000000000e+00
7.509999999999999432e+01,5.261858126638730981e-01
7.517445328031809026e+01,6.375078413660699717e-01
7.524890656063617200e+01,7.368570137630400252e-01
7.532335984095426795e+01,8.223674808597288832e-01
7.539781312127236390e+01,8.924332945113300219e-01
7.547226640159044564e+01,9.457385682858242548e-01
7.554671968190854159e+01,9.812821907586913861e-01
7.562117296222663754e+01,9.983966271063235975e-01
7.569562624254471928e+01,9.967604558906786316e-01
7.577007952286281522e+01,9.764044055853289272e-01
7.584453280318091117e+01,9.377107774726016753e-01
7.591898608349900712e+01,8.814062657502167442e-01
7.599343936381708886e+01,8.085483096909892309e-01
7.606789264413518481e+01,7.205052341718655162e-01
7.614234592445328076e+01,6.189305515474574637e-01
7.621679920477136250e+01,5.057319074973933848e-01
7.629125248508945845e+01,3.830352540668334194e-01
7.636570576540755440e+01,2.531449227562474480e-01
7.644015904572563613e+01,1.185003475165771203e-01
7.651461232604373208e+01,-1.836974957690320695e-02
7.658906560636182803e+01,-1.548948495459936958e-01
7.666351888667990977e+01,-2.885109127069094281e-01
7.673797216699800572e+01,-4.167085331818063398e-01
7.681242544731610167e+01,-5.370800673480914389e-01
7.688687872763418341e+01,-6.473648511193053068e-01
7.696133200795227935e+01,-7.454916568444807101e-01
7.703578528827037530e+01,-8.296175924548380154e-01
7.711023856858845704e+01,-8.981627123038306015e-01
7.718469184890655299e+01,-9.498396896840441972e-01
7.725914512922464894e+01,-9.836779937497157622e-01
7.733359840954273068e+01,-9.990421167848572148e-01
7.740805168986082663e+01,-9.956435094957668541e-01
7.748250497017892258e+01,-9.735460001745374070e-01
7.755695825049701853e+01,-9.331645959577706817e-01
7.763141153081510026e+01,-8.752576886937215583e-01
7.770586481113319621e+01,-8.009128117972997840e-01
7.778031809145129216e+01,-7.115262155894477303e-01
7.785477137176937390e+01,-6.087766447107280099e-01
7.792922465208746985e+01,-4.945938100881757116e-01
7.800367793240556580e+01,-3.711221475745793419e-01
7.807813121272364754e+01,-2.406805438990418655e-01
7.815258449304174349e+01,-1.057187863044683068e-01
7.822703777335983943e+01,3.122844622085134067e-02
7.830149105367792117e+01,1.675891860397651090e-01
7.837594433399601712e+01,3.008024802704576950e-01
7.845039761431411307e+01,4.283664873256126659e-01
7.852485089463219481e+01,5.478854632989000883e-01
7.859930417495029076e+01,6.571147557606185075e-01
7.867375745526838671e+01,7.540029599466110399e-01
7.874821073558646845e+01,8.367304456168721538e-01
7.882266401590456439e+01,9.037435310216992423e-01
7.889711729622266034e+01,9.537836621636972545e-01
7.897157057654075629e+01,9.859110493480855997e-01
7.904602385685883803e+01,9.995223171098707171e-01
7.912047713717693398e+01,9.943618360395468647e-01
7.919493041749502993e+01,9.705265236874746071e-01
7.926938369781311167e+01,9.284640243824984207e-01
7.934383697813120762e+01,8.689643021491206820e-01
7.941829025844930356e+01,7.931448046142984820e-01
7.949274353876738530e+01,7.024294765363797710e-01
7.956719681908548125e+01,5.985220170972147535e-01
7.964165009940357720e+01,4.833738832047536627e-01
7.971610337972165894e+01,3.591476397271481935e-01
7.979055666003975489e+01,2.281763449673493982e-01
7.986500994035785084e+01,9.291973414823452571e-02
7.993946322067593258e+01,-4.408197618603733325e-02
8.001391650099402852e+01,-1.802557952658347395e-01
8.008836978131212447e+01,-3.130442807154172891e-01
8.016282306163020621e+01,-4.399535691622658562e-01
8.023727634194830216e+01,-5.586002127869517109e-01
8.031172962226639811e+01,-6.667559421894125871e-01
8.038618290258449406e+01,-7.623895148927748444e-01
8.046063618290257580e+01,-8.437048635396876550e-01
8.053508946322067175e+01,-9.091748273305714223e-01
8.060954274353876770e+01,-9.575698332030824211e-01
8.068399602385684943e+01,-9.879809880995906735e-01
8.075844930417494538e+01,-9.998371486332608971e-01
8.083290258449304133e+01,-9.929156475721151454e-01
8.090735586481112307e+01,-9.673464756899826655e-01
8.098180914512921902e+01,-9.236098404461672295e-01
8.105626242544731497e+01,-8.625271473435816016e-01
8.113071570576539671e+01,-7.852455733419421158e-01
8.120516898608349265e+01,-6.932165220484273194e-01
8.127962226640158860e+01,-5.881683653128367828e-01
8.135407554671967034e+01,-4.720739831597191016e-01
8.142852882703776629e+01,-3.471137116809172585e-01
8.150298210735586224e+01,-2.156343947537894545e-01
8.157743538767394398e+01,-8.010530862332229662e-02
8.165188866799203993e+01,5.692821288377917371e-02
8.172634194831013588e+01,1.928925815611518269e-01
8.180079522862823183e+01,3.252342886624297602e-01
8.187524850894631356e+01,4.514678616341826767e-01
8.194970178926440951e+01,5.692225430801602926e-01
8.202415506958250546e+01,6.762868152922831833e-01
8.209860834990058720e+01,7.706499341456281016e-01
8.217306163021868315e+01,8.505396923209513904e-01
8.224751491053677910e+01,9.144557026342414741e-01
8.232196819085486084e+01,9.611975763884048618e-01
8.239642147117295679e+01,9.898874675373496856e-01
8.247087475149105273e+01,9.999865592668344405e-01
8.254532803180913447e+01,9.913051833622198439e-01
8.261978131212723042e+01,9.640063823141125088e-01
8.269423459244532637e+01,9.186028472629911290e-01
8.276868787276340811e+01,8.559472892904189667e-01
8.284314115308150406e+01,7.772164248909286810e-01
8.291759443339960001e+01,6.838888763889477973e-01
8.299204771371768175e+01,5.777174023468477637e-01
8.306650099403577769e+01,4.606959794970500455e-01
8.314095427435387364e+01,3.350223544232068251e-01
8.321540755467196959e+01,2.030567682968492660e-01
8.328986083499005133e+01,6.727762984866872409e-02
8.336431411530814728e+01,-6.976503093205017880e-02
8.343876739562622902e+01,-2.054974541968049295e-01
8.351322067594432497e+01,-3.373704873010934246e-01
8.358767395626242092e+01,-4.629074597266225610e-01
8.366212723658051686e+01,-5.797506967369947528e-01
8.373658051689859860e+01,-6.857057982069267865e-01
8.381103379721669455e+01,-7.787828510367039714e-01
8.388548707753479050e+01,-8.572338011530508117e-01
8.395994035785287224e+01,-9.195852832233326613e-01
8.403439363817096819e+01,-9.646662915174151198e-01
8.410884691848906414e+01,-9.916301722384706085e-01
8.418330019880714588e+01,-9.999705242909255887e-01
8.425775347912524182e+01,-9.895307098576751059e-01
8.433220675944333777e+01,-9.605067961710759272e-01
8.440666003976141951e+01,-9.134438732291434437e-01
8.448111332007951546e+01,-8.492258166128905383e-01
8.455556660039761141e+01,-7.690586876664722293e-01
8.463001988071570736e+01,-6.744480827967048731e-01
8.470447316103378910e+01,-5.671708572884256450e-01
8.477892644135188505e+01,-4.492417546827989216e-01
8.485337972166996678e+01,-3.228755684428760708e-01
8.492783300198806273e+01,-1.904455465375732015e-01
8.500228628230615868e+01,-5.443882013593235453e-02
8.507673956262425463e+01,8.259030650711876587e-02
8.515119284294233637e+01,2.180683277239284512e-01
8.522564612326043232e+01,3.494508687236399513e-01
8.530009940357852827e+01,4.742704707828681032e-01
8.537455268389661001e+01,5.901829318972449112e-01
8.544900596421470595e+01,6.950113325830289401e-01
8.552345924453280190e+01,7.867869199925249246e-01
8.559791252485088364e+01,8.637860825101844053e-01
8.567236580516897959e+01,9.245627204198514359e-01
8.574681908548707554e+01,9.679754046987110172e-01
8.582127236580515728e+01,9.932088138762366070e-01
8.589572564612325323e+01,9.997890463584865328e-01
8.597017892644134918e+01,9.875925206412772273e-01
8.604463220675944513e+01,9.568482962598172659e-01
8.611908548707752686e+01,9.081337718856996588e-01
8.619353876739562281e+01,8.423638413640869294e-01
8.626799204771370455e+01,7.607737113485203428e-01
8.634244532803180050e+01,6.648957032305421455e-01
8.641689860834989645e+01,5.565304750405981604e-01
8.649135188866799240e+01,4.377132037936424247e-01
8.656580516898607414e+01,3.106753633993459274e-01
8.664025844930417009e+01,1.778028159752756410e-01
8.671471172962226603e+01,4.159100363836130271e-02
8.678916500994034777e+01,-9.540191769493057417e-02
8.686361829025844372e+01,-2.306031223187355872e-01
8.693807157057653967e+01,-3.614734342571384040e-01
8.701252485089462141e+01,-4.855550148173612968e-01
8.708697813121271736e+01,-6.005175225702077402e-01
8.716143141153081331e+01,-7.042018788400902229e-01
8.723588469184889505e+01,-7.946608167572253301e-01
8.731033797216699099e+01,-8.701954523315990064e-01
8.738479125248508694e+01,-9.293871907175983438e-01
8.745924453280318289e+01,-9.711243684466870363e-01
8.753369781312126463e+01,-9.946231312678093239e-01
8.760815109343936058e+01,-9.994421554946479880e-01
8.768260437375744232e+01,-9.854909363822326185e-01
8.775705765407553827e+01,-9.530314878712199400e-01
8.783151093439363422e+01,-9.026734217774211588e-01
8.790596421471173016e+01,-8.353624988429446674e-01
8.798041749502981190e+01,-7.523628666684533117e-01
8.805487077534790785e+01,-6.552333181109610827e-01
8.812932405566600380e+01,-5.457980160315529794e-01
8.820377733598408554e+01,-4.261122342033454302e-01
8.827823061630218149e+01,-2.984237577901057703e-01
8.835268389662027744e+01,-1.651306683223340843e-01
8.842713717693835918e+01,-2.873630599935673643e-02
8.850159045725645512e+01,1.081977448421744814e-01
8.857604373757455107e+01,2.430997641266207654e-01
8.865049701789263281e+01,3.734361947941715054e-01
8.872495029821072876e+01,4.967592248267426180e-01
8.879940357852882471e+01,6.107527589202492724e-01
8.887385685884692066e+01,7.132759164221462722e-01
8.894831013916500240e+01,8.024032386116465299e-01
8.902276341948309835e+01,8.764608502009453295e-01
8.909721669980118008e+01,9.340578959184163699e-01
8.917166998011927603e+01,9.741126617721138636e-01
8.924612326043737198e+01,9.958728904174408703e-01
8.932057654075546793e+01,9.989299090917515000e-01
8.939502982107354967e+01,9.832263047831032443e-01
8.946948310139164562e+01,9.490570024879614319e-01
8.954393638170974157e+01,8.970637263074021650e-01
8.961838966202782331e+01,8.282229474064135566e-01
8.969284294234591925e+01,7.438275451822988771e-01
8.976729622266401520e+01,6.454625260586432933e-01
8.984174950298209694e+01,5.349752559233781346e-01
8.991620278330019289e+01,4.144407652671899256e-01
8.999065606361828884e+01,2.861227786167571119e-01
9.006510934393637058e+01,1.524312001581200615e-01
9.013956262425446653e+01,1.587685400078975989e-02
9.021401590457256248e+01,-1.209756709069747110e-01
9.028846918489065843e+01,-2.555561856052743219e-01
9.036292246520874016e+01,-3.853371711219291118e-01
9.043737574552683611e+01,-5.078812470987430494e-01
9.051182902584491785e+01,-6.208869475496927581e-01
9.058628230616301380e+01,-7.222319440493404352e-01
9.066073558648110975e+01,-8.100129045888687651e-01
9.073518886679920570e+01,-8.825812395217215167e-01
9.080964214711728744e+01,-9.385740632642503023e-01
9.088409542743538339e+01,-9.769397902683359947e-01
9.095854870775347933e+01,-9.969578845551877455e-01
9.103300198807156107e+01,-9.982523918998547074e-01
9.110745526838965702e+01,-9.807990005222800844e-01
9.118190854870775297e+01,-9.449254976800366412e-01
9.125636182902583471e+01,-8.913056135876030739e-01
9.133081510934393066e+01,-8.209463682778089799e-01
9.140526838966202661e+01,-7.351691590405029508e-01
9.147972166998010835e+01,-6.355849436299628730e-01
9.155417495029820429e+01,-5.240639853182832431e-01
9.162862823061630024e+01,-4.027007280044219151e-01
9.170308151093439619e+01,-2.737744610496506970e-01
9.177753479125247793e+01,-1.397065125821243536e-01
9.185198807157057388e+01,-3.014775211129962391e-03
9.192644135188865562e+01,1.337335818091507367e-01
9.200089463220675157e+01,2.679703258667528454e-01
9.207534791252484752e+01,3.971743942496644975e-01
9.214980119284294346e+01,5.189192415188766949e-01
9.222425447316102520e+01,6.309184117789881086e-01
9.229870775347912115e+01,7.310684799663075273e-01
9.237316103379720289e+01,8.174885556861444247e-01
9.244761431411529884e+01,8.885556076887760613e-01
9.252206759443339479e+01,9.429349455649983502e-01
9.259652087475149074e+01,9.796052861930694133e-01
9.267097415506957248e+01,9.978779341711210282e-01
9.274542743538766842e+01,9.974097160127090023e-01
9.281988071570576437e+01,9.782094251919938310e-01
9.289433399602384611e+01,9.406376569959641332e-01
9.296878727634194206e+01,8.854000362852969541e-01
9.304324055666003801e+01,8.135339653513808944e-01
9.311769383697813396e+01,7.263891407542916179e-01
9.319214711729621570e+01,6.256022050495300135e-01
9.326660039761431165e+01,5.130660094623474832e-01
9.334105367793239338e+01,3.908940647787684242e-01
9.341550695825048933e+01,2.613808480911720133e-01
9.348996023856858528e+01,1.269587108663348674e-01
9.356441351888668123e+01,-9.847802366556170084e-03
9.363886679920476297e+01,-1.464693667799873422e-01
9.371332007952285892e+01,-2.803401310184487905e-01
9.378777335984094066e+01,-4.089459057344598247e-01
9.386222664015903661e+01,-5.298713818748835847e-01
9.393667992047713255e+01,-6.408454919241143299e-01
9.401113320079522850e+01,-7.397840621873270628e-01
9.408558648111331024e+01,-8.248289550731977560e-01
9.416003976143140619e+01,-8.943829662558407945e-01
9.423449304174950214e+01,-9.471398213221330353e-01
9.430894632206758388e+01,-9.821087085457889110e-01
9.438339960238567983e+01,-9.986328870450251749e-01
9.445785288270377578e+01,-9.964020208492139208e-01
9.453230616302187173e+01,-9.754580072318717043e-01
9.460675944333995346e+01,-9.361941898496941583e-01
9.468121272365804941e+01,-8.793479714654522938e-01
9.475566600397613115e+01,-8.059869649931326041e-01
9.483011928429422710e+01,-7.174889429586662759e-01
9.490457256461232305e+01,-6.155159619398125059e-01
9.497902584493041900e+01,-5.019831479468460644e-01
9.505347912524850074e+01,-3.790227289770777830e-01
9.512793240556659669e+01,-2.489439902377307834e-01
9.520238568588467842e+01,-1.141899041069238258e-01
9.527683896620277437e+01,2.270875064667875198e-02
9.535129224652087032e+01,1.591809187114567592e-01
9.542574552683896627e+01,2.926635545030530916e-01
9.550019880715704801e+01,4.206497580053890628e-01
9.557465208747514396e+01,5.407358561590052126e-01
9.564910536779323991e+01,6.506665455712909996e-01
9.572355864811132165e+01,7.483772487383095751e-01
9.579801192842941759e+01,8.320328882968550666e-01
9.587246520874751354e+01,9.000623510990675147e-01
9.594691848906560949e+01,9.511879948480711500e-01
9.602137176938369123e+01,9.844496431406906112e-01
9.609582504970178718e+01,9.992226182715829852e-01
9.617027833001986892e+01,9.952294731303509279e-01
9.624473161033796487e+01,9.725452018580168501e-01
9.631918489065606082e+01,9.315958314031808074e-01
9.639363817097415676e+01,8.731504204290033710e-01
9.646809145129223850e+01,7.983066158378258059e-01
9.654254473161033445e+01,7.084700381719561957e-01
9.661699801192841619e+01,6.053278830478782124e-01
9.669145129224651214e+01,4.908172344072027071e-01
9.676590457256460809e+01,3.670886846861358133e-01
9.684035785288270404e+01,2.364659451405109747e-01
9.691481113320078578e+01,1.014022048753024097e-01
9.698926441351888172e+01,-3.556594181321165449e-02
9.706371769383697767e+01,-1.718661345049901368e-01
9.713817097415505941e+01,-3.049385574365504614e-01
9.721262425447315536e+01,-4.322840146851670839e-01
9.728707753479125131e+01,-5.515108668672460412e-01
9.736153081510934726e+01,-6.603799478482316188e-01
9.743598409542742900e+01,-7.568466178948464185e-01
9.751043737574552495e+01,-8.390991634819737754e-01
9.758489065606360668e+01,-9.055928225765397244e-01
9.765934393638170263e+01,-9.550787963812744641e-01
9.773379721669979858e+01,-9.866277026752179324e-01
9.780825049701789453e+01,-9.996470302810409603e-01
9.788270377733597627e+01,-9.938922668515818293e-01
9.795715705765407222e+01,-9.694714909878384690e-01
9.803161033797215396e+01,-9.268433424449781244e-01
9.810606361829024991e+01,-8.668084085474920819e-01
9.818051689860834585e+01,-7.904941885827746484e-01
9.825497017892644180e+01,-6.993339185527498447e-01
9.832942345924452354e+01,-5.950396539693045828e-01
9.840387673956261949e+01,-4.795701162196184253e-01
9.847833001988071544e+01,-3.550939063677119867e-01
9.855278330019879718e+01,-2.239487772650367581e-01
9.862723658051689313e+01,-8.859772886860040053e-02
9.870168986083498908e+01,4.841724867189234338e-02
9.877614314115308503e+01,1.845229154188098575e-01
9.885059642147116676e+01,3.171631089464539421e-01
9.892504970178926271e+01,4.438467509113786513e-01
9.899950298210734445e+01,5.621946312975649729e-01
9.907395626242544040e+01,6.699840916935803081e-01
9.914840954274353635e+01,7.651907684184753311e-01
9.922286282306163230e+01,8.460266115286355637e-01
9.929731610337971404e+01,9.109734656837347178e-01
9.937176938369780999e+01,9.588115821970597530e-01
9.944622266401589172e+01,9.886425267941405526e-01
9.952067594433398767e+01,9.999060528553537219e-01
9.959512922465208362e+01,9.923906232508210579e-01
9.966958250497017957e+01,9.662373831601051011e-01
9.974403578528826131e+01,9.219375092640311742e-01
9.981848906560635726e+01,8.603229850929676736e-01
9.989294234592445321e+01,7.825509757771456076e-01
9.996739562624253495e+01,6.900820956519087002e-01
1.000418489065606309e+02,5.846529768693001783e-01
1.001163021868787268e+02,4.682436541954272946e-01
1.001907554671968086e+02,3.430403785318891785e-01
1.002652087475149045e+02,2.113945575496112006e-01
1.003396620278330005e+02,7.577859455947161260e-02
1.004141153081510822e+02,-6.126054500153228777e-02
1.004885685884691782e+02,-1.971491674160936458e-01
1.005630218687872741e+02,-3.293351865072041695e-01
1.006374751491053701e+02,-4.553360536543691883e-01
1.007119284294234518e+02,-5.727853818441573930e-01
1.007863817097415478e+02,-6.794773881227830215e-01
1.008608349900596295e+02,-7.734083197874676019e-01
1.009352882703777254e+02,-8.528140863055715393e-01
1.010097415506958214e+02,-9.162033902049092626e-01
1.010841948310139173e+02,-9.623857347141019369e-01
1.011586481113319991e+02,-9.904937821491950345e-01
1.012331013916500950e+02,-9.999996431397913943e-01
1.013075546719681768e+02,-9.907247907717331437e-01
1.013820079522862727e+02,-9.628434134509494813e-01
1.014564612326043687e+02,-9.168791435198100359e-01
1.015309145129224646e+02,-8.536952230646881468e-01
1.016053677932405463e+02,-7.744782916080915625e-01
1.016798210735586423e+02,-6.807161001635964048e-01
1.017542743538767382e+02,-5.741695702010857216e-01
1.018287276341948200e+02,-4.568397222732293872e-01
1.019031809145129159e+02,-3.309300954087304736e-01
1.019776341948310119e+02,-1.988053630625297163e-01
1.020520874751491078e+02,-6.294692284622518952e-02
1.021265407554671896e+02,7.409370590673969303e-02
1.022009940357852855e+02,2.097428015108068478e-01
1.022754473161033673e+02,3.414527762749428597e-01
1.023499005964214632e+02,4.667500220338944850e-01
1.024243538767395592e+02,5.832813662905523833e-01
1.024988071570576551e+02,6.888582664903971642e-01
1.025732604373757368e+02,7.814979124257547261e-01
1.026477137176938328e+02,8.594604648397865532e-01
1.027221669980119145e+02,9.212817308603833411e-01
1.027966202783300105e+02,9.658006625966523151e-01
1.028710735586481064e+02,9.921811624541490016e-01
1.029455268389662024e+02,9.999277856500483619e-01
1.030199801192842841e+02,9.888950450226922095e-01
1.030944333996023801e+02,9.592901433853057158e-01
1.031688866799204760e+02,9.116690821079665996e-01
1.032433399602385578e+02,8.469262190116039202e-01
1.033177932405566537e+02,7.662774716838132161e-01
1.033922465208747496e+02,6.712374816714723469e-01
1.034666998011928456e+02,5.635911684215791917e-01
1.035411530815109273e+02,4.453602072088514441e-01
1.036156063618290233e+02,3.187650606181889890e-01
1.036900596421471050e+02,1.861832766590504618e-01
1.037645129224652010e+02,5.010483670098583170e-02
1.038389662027832969e+02,-8.691460816884942486e-02
1.039134194831013929e+02,-2.223017341134760627e-01
1.039878727634194746e+02,-3.535138734206990097e-01
1.040623260437375706e+02,-4.780867676334794036e-01
1.041367793240556523e+02,-5.936808480987356695e-01
1.042112326043737482e+02,-6.981251747504230165e-01
1.042856858846918442e+02,-7.894582079277631115e-01
1.043601391650099401e+02,-8.659646475023534684e-01
1.044345924453280219e+02,-9.262076474497584755e-01
1.045090457256461178e+02,-9.690558008522084377e-01
1.045834990059642138e+02,-9.937043885356107165e-01
1.046579522862822955e+02,-9.996904922747905653e-01
1.047324055666003915e+02,-9.869016887311679032e-01
1.048068588469184874e+02,-9.555781608440072628e-01
1.048813121272365834e+02,-9.063081870219391600e-01
1.049557654075546651e+02,-8.400170928506028867e-01
1.050302186878727611e+02,-7.579498728121976114e-01
1.051046719681908428e+02,-6.616478083924280940e-01
1.051791252485089387e+02,-5.529195217044340360e-01
1.052535785288270347e+02,-4.338070082630453572e-01
1.053280318091451306e+02,-3.065472868392097872e-01
1.054024850894632124e+02,-1.735303866358657021e-01
1.054769383697813083e+02,-3.725446081908033447e-02
1.055513916500993901e+02,9.972113059736222029e-02
1.056258449304174860e+02,2.348238873759145862e-01
1.057002982107355820e+02,3.655164824619370756e-01
1.057747514910536779e+02,4.893444148134063476e-01
1.058492047713717596e+02,6.039821066969752739e-01
1.059236580516898556e+02,7.072765797129684229e-01
1.059981113320079515e+02,7.972878892798502815e-01
1.060725646123260333e+02,8.723255581903438527e-01
1.061470178926441292e+02,9.309803249906878353e-01
1.062214711729622252e+02,9.721506109252420202e-01
1.062959244532803211e+02,9.950632083791256521e-01
1.063703777335984029e+02,9.992878022736928489e-01
1.064448310139164988e+02,9.847450516936393505e-01
1.065192842942345806e+02,9.517080799665708080e-01
1.065937375745526765e+02,9.007973452100723755e-01
1.066681908548707725e+02,8.329689876817200078e-01
1.067426441351888684e+02,7.494968727764339533e-01
1.068170974155069501e+02,6.519486669171289384e-01
1.068915506958250461e+02,5.421563956504764636e-01
1.069660039761431278e+02,4.221820368878264618e-01
1.070404572564612238e+02,2.942787954758428470e-01
1.071149105367793197e+02,1.608487863862137768e-01
1.071893638170974157e+02,2.439792126735444364e-02
1.072638170974155116e+02,-1.125111543808912096e-01
1.073382703777335934e+02,-2.473071895348453175e-01
1.074127236580516751e+02,-3.774586175932920784e-01
1.074871769383697711e+02,-5.005211010202028632e-01
1.075616302186878670e+02,-6.141834377643566878e-01
1.076360834990059629e+02,-7.163109672979113274e-01
1.077105367793240589e+02,-8.049856610782014643e-01
1.077849900596421406e+02,-8.785421445049422795e-01
1.078594433399602366e+02,-9.355989738540746448e-01
1.079338966202783183e+02,-9.750845807861320269e-01
1.080083499005964143e+02,-9.962573971708947873e-01
1.080828031809145102e+02,-9.987197822709432682e-01
1.081572564612326062e+02,-9.824254907210610011e-01
1.082317097415506879e+02,-9.476805410493971404e-01
1.083061630218687839e+02,-8.951374684292680017e-01
1.083806163021868656e+02,-8.257830695986835279e-01
1.084550695825049615e+02,-7.409198701070623949e-01
1.085295228628230575e+02,-6.421416619475159848e-01
1.086039761431411534e+02,-5.313035709954574415e-01
1.086784294234592494e+02,-4.104872164093790188e-01
1.087528827037773311e+02,-2.819616163234011097e-01
1.088273359840954129e+02,-1.481405740533777993e-01
1.089017892644135088e+02,-1.153734513241973930e-02
1.089762425447316048e+02,1.252825634375582531e-01
1.090506958250497007e+02,2.597495752552802517e-01
1.091251491053677967e+02,3.893383030142350543e-01
1.091996023856858784e+02,5.116149770953535292e-01
1.092740556660039744e+02,6.242831535127588705e-01
1.093485089463220561e+02,7.252268427854012822e-01
1.094229622266401520e+02,8.125502497432439686e-01
1.094974155069582480e+02,8.846133779252607354e-01
1.095718687872763439e+02,9.400628298944720962e-01
1.096463220675944257e+02,9.778572250159223156e-01
1.097207753479125216e+02,9.972867573349701864e-01
1.097952286282306034e+02,9.979865262442305651e-01
1.098696819085486993e+02,9.799433895797129423e-01
1.099441351888667953e+02,9.434962104401197758e-01
1.100185884691848912e+02,8.893294930938757670e-01
1.100930417495029872e+02,8.184605274960702337e-01
1.101674950298210689e+02,7.322202838505901257e-01
1.102419483101391506e+02,6.322284160311899548e-01
1.103164015904572466e+02,5.203628433159661615e-01
1.103908548707753425e+02,3.987244817104111383e-01
1.104653081510934385e+02,2.695977872324867297e-01
1.105397614314115344e+02,1.354078521835523352e-01
1.106142147117296162e+02,-1.325139831268262909e-03
1.106886679920477121e+02,-1.380332447657204864e-01
1.107631212723657939e+02,-2.721489859713087656e-01
1.108375745526838898e+02,-4.011535732565538748e-01
1.109120278330019858e+02,-5.226242075810995091e-01
1.109864811133200817e+02,-6.342795829660952123e-01
1.110609343936381634e+02,-7.340227310632645441e-01
1.111353876739562594e+02,-8.199804037299885939e-01
1.112098409542743411e+02,-8.905382539789619134e-01
1.112842942345924371e+02,-9.443711545765705040e-01
1.113587475149105330e+02,-9.804680848866327292e-01
1.114332007952286290e+02,-9.981511185659430740e-01
1.115076540755467249e+02,-9.970881555091575255e-01
1.115821073558648067e+02,-9.772991589278782198e-01
1.116565606361828884e+02,-9.391557804271715160e-01
1.117310139165009844e+02,-8.833743801208303603e-01
1.118054671968190803e+02,-8.110025728726045768e-01
1.118799204771371762e+02,-7.233995533346045947e-01
1.119543737574552722e+02,-6.222105692934506438e-01
1.120288270377733539e+02,-5.093360227315587574e-01
1.121032803180914357e+02,-3.868957789098915190e-01
1.121777335984095316e+02,-2.571893537718331624e-01
1.122521868787276276e+02,-1.226527273779818156e-01
1.123266401590457235e+02,1.418740555328499436e-02
1.124010934393638195e+02,1.507610887926235932e-01
1.124755467196819012e+02,2.845033702272946052e-01
1.125499999999999972e+02,4.129024735093879128e-01
1.126244532803180789e+02,5.335469710241116381e-01
1.126989065606361748e+02,6.441710722368928499e-01
1.127733598409542708e+02,7.426971768706289723e-01
1.128478131212723667e+02,8.272748937356512178e-01
1.129222664015904627e+02,8.963157924081405215e-01
1.129967196819085444e+02,9.485232350973864524e-01
1.130711729622266262e+02,9.829167284371549407e-01
1.131456262425447221e+02,9.988503378571130797e-01
1.132200795228628181e+02,9.960248186992237684e-01
1.132945328031809140e+02,9.744932362477887189e-01
1.133689860834990100e+02,9.346599691252931441e-01
1.134434393638170917e+02,8.772731147706697152e-01
1.135178926441351734e+02,8.034104396306255280e-01
1.135923459244532694e+02,7.144591379300729850e-01
1.136667992047713653e+02,6.120897791652135655e-01
1.137412524850894613e+02,4.982249336058082179e-01
1.138157057654075572e+02,3.750030650410682842e-01
1.138901590457256390e+02,2.447383688898702170e-01
1.139646123260437349e+02,1.098773099445843060e-01
1.140390656063618167e+02,-2.704732399995137329e-02
1.141135188866799126e+02,-1.634639897240516559e-01
1.141879721669980086e+02,-2.968106840171318428e-01
1.142624254473161045e+02,-4.245830599426476115e-01
1.143368787276342005e+02,-5.443814602769775357e-01
1.144113320079522822e+02,-6.539559847994426134e-01
1.144857852882703639e+02,-7.512487450393396937e-01
1.145602385685884599e+02,-8.344325129026659571e-01
1.146346918489065558e+02,-9.019450373315821556e-01
1.147091451292246518e+02,-9.525183845041944597e-01
1.147835984095427477e+02,-9.852027505446920852e-01
1.148580516898608295e+02,-9.993842995241806193e-01
1.149325049701789112e+02,-9.947966917412003340e-01
1.150069582504970072e+02,-9.715260857732720412e-01
1.150814115308151031e+02,-9.300095203567232405e-01
1.151558648111331991e+02,-8.710267064845258478e-01
1.152303180914512950e+02,-7.956853838723133565e-01
1.153047713717693767e+02,-7.054005168092447597e-01
1.153792246520874727e+02,-6.018677201092760276e-01
1.154536779324055544e+02,-4.870314142443352701e-01
1.155281312127236504e+02,-3.630483077276822623e-01
1.156025844930417463e+02,-2.322468925752211588e-01
1.156770377733598423e+02,-9.708371354817986465e-02
1.157514910536779240e+02,3.990276752546749461e-02
1.158259443339960200e+02,1.761398458925700072e-01
1.159003976143141017e+02,3.090688911224211410e-01
1.159748508946321977e+02,4.361934000286168400e-01
1.160493041749502936e+02,5.551258827966608633e-01
1.161237574552683895e+02,6.636327017612844159e-01
1.161982107355864855e+02,7.596760207309726232e-01
1.162726640159045672e+02,8.414520770184505949e-01
1.163471172962226490e+02,9.074250574029114613e-01
1.164215705765407449e+02,9.563559418081355457e-01
1.164960238568588409e+02,9.873257729918958336e-01
1.165704771371769368e+02,9.997529152243354034e-01
1.166449304174950328e+02,9.934039778260315146e-01
1.167193836978131145e+02,9.683981984129450549e-01
1.167938369781312105e+02,9.252052035281340681e-01
1.168682902584492922e+02,8.646361887170361804e-01
1.169427435387673881e+02,7.878286836913127589e-01
1.170171968190854841e+02,6.962251887013565232e-01
1.170916500994035800e+02,5.915460833431598342e-01
1.171661033797216618e+02,4.757573165906642809e-01
1.172405566600397577e+02,3.510334848585751066e-01
1.173150099403578395e+02,2.197169915152702158e-01
1.173894632206759354e+02,8.427405486172767635e-02
1.174639165009940314e+02,-5.275160922455694734e-02
1.175383697813121273e+02,-1.887865601052412801e-01
1.176128230616302233e+02,-3.212759634493578265e-01
1.176872763419483050e+02,-4.477315728618261881e-01
1.177617296222663867e+02,-5.657784609418698984e-01
1.178361829025844827e+02,-6.731996221305642791e-01
1.179106361829025786e+02,-7.679776096710244637e-01
1.179850894632206746e+02,-8.483324247113319672e-01
1.180595427435387705e+02,-9.127549459646173702e-01
1.181339960238568523e+02,-9.600352720937630480e-01
1.182084493041749482e+02,-9.892854445292733612e-01
1.182829025844930300e+02,-9.999561239709083837e-01
1.183573558648111259e+02,-9.918469073752167464e-01
1.184318091451292219e+02,-9.651100916689941966e-01
1.185062624254473178e+02,-9.202478135032734485e-01
1.185807157057653995e+02,-8.581026187656749515e-01
1.186551689860834955e+02,-7.798416389616449340e-01
1.187296222664015772e+02,-6.869346716445627887e-01
1.188040755467196732e+02,-5.811265765593033317e-01
1.188785288270377691e+02,-4.644045059199631287e-01
1.189529821073558651e+02,-3.389605842598627516e-01
1.190274353876739610e+02,-2.071507387551509149e-01
1.191018886679920428e+02,-7.145045321550175244e-02
1.191763419483101245e+02,6.559172328420119491e-02
1.192507952286282205e+02,2.014020399906016334e-01
1.193252485089463164e+02,3.334298813644238080e-01
1.193997017892644124e+02,4.591956694762985847e-01
1.194741550695825083e+02,5.763374322666320326e-01
1.195486083499005900e+02,6.826551630810364646e-01
1.196230616302186860e+02,7.761521383795928486e-01
1.196975149105367677e+02,8.550724176426107714e-01
1.197719681908548637e+02,9.179338211983165685e-01
1.198464214711729596e+02,9.635557666238054875e-01
1.199208747514910556e+02,9.910814409334149921e-01
1.199953280318091373e+02,9.999938921434529115e-01
1.200697813121272333e+02,9.901257380026884380e-01
1.201442345924453150e+02,9.616623095515123287e-01
1.202186878727634110e+02,9.151381704717006516e-01
1.202931411530815069e+02,8.514270775953562964e-01
1.203675944333996028e+02,7.717255711225543546e-01
1.204420477137176988e+02,6.775305027347799935e-01
1.205165009940357805e+02,5.706109236425269682e-01
1.205909542743538623e+02,4.529748605298802300e-01
1.206654075546719582e+02,3.268316033669368403e-01
1.207398608349900542e+02,1.945502133541541223e-01
1.208143141153081501e+02,5.861503024660855155e-02
1.208887673956262461e+02,-7.842098533535074578e-02
1.209632206759443278e+02,-2.139841983449927709e-01
1.210376739562624238e+02,-3.455286340279372648e-01
1.211121272365805055e+02,-4.705837931622309789e-01
1.211865805168986014e+02,-5.868010498120207474e-01
1.212610337972166974e+02,-6.919977602139387729e-01
1.213354870775347933e+02,-7.841982543986154575e-01
1.214099403578528751e+02,-8.616709406952257622e-01
1.214843936381709710e+02,-9.229608262702568844e-01
1.215588469184890528e+02,-9.669168429400710751e-01
1.216333001988071487e+02,-9.927134650606072030e-01
1.217077534791252447e+02,-9.998662134933065104e-01
1.217822067594433406e+02,-9.882407544721656389e-01
1.218566600397614366e+02,-9.580554224886647097e-01
1.219311133200795183e+02,-9.098771198127241222e-01
1.220055666003976000e+02,-8.446106696599027241e-01
1.220800198807156960e+02,-7.634818229598789863e-01
1.221544731610337919e+02,-6.680142378713775919e-01
1.222289264413518879e+02,-5.600008643849514467e-01
1.223033797216699838e+02,-4.414702714306184550e-01
1.223778330019880656e+02,-3.146485488934052110e-01
1.224522862823061615e+02,-1.819175000419049337e-01
1.225267395626242433e+02,-4.576990954796678751e-02
1.226011928429423392e+02,9.123727280455422306e-02
1.226756461232604352e+02,2.265309534772696476e-01
1.227500994035785311e+02,3.575702197276344751e-01
1.228245526838966128e+02,4.818940597792351066e-01
1.228990059642147088e+02,5.971675823951853035e-01
1.229734592445327905e+02,7.012258678168188375e-01
1.230479125248508865e+02,7.921146265155347699e-01
1.231223658051689824e+02,8.681269021577519007e-01
1.231968190854870784e+02,9.278351294733414578e-01
1.232712723658051743e+02,9.701179449597658877e-01
1.233457256461232561e+02,9.941812468959942972e-01
1.234201789264413378e+02,9.995731091446208305e-01
1.234946322067594338e+02,9.861922686501353175e-01
1.235690854870775297e+02,9.542900272320593569e-01
1.236435387673956257e+02,9.044655319557759476e-01
1.237179920477137216e+02,8.376545227192371268e-01
1.237924453280318033e+02,7.551117583838903302e-01
1.238668986083498993e+02,6.583874514998762084e-01
1.239413518886679810e+02,5.492981541976313942e-01
1.240158051689860770e+02,4.298926420315162811e-01
1.240902584493041729e+02,3.024134364992326351e-01
1.241647117296222689e+02,1.692546888734485500e-01
1.242391650099403506e+02,3.291721631680611521e-02
1.243136182902584466e+02,-1.040384652645060665e-01
1.243880715705765283e+02,-2.390402295541358690e-01
1.244625248508946243e+02,-3.695526462092529330e-01
1.245369781312127202e+02,-4.931245980682059105e-01
1.246114314115308161e+02,-6.074353148957719606e-01
1.246858846918489121e+02,-7.103379591191583131e-01
1.247603379721669938e+02,-7.998999449839309106e-01
1.248347912524850756e+02,-8.744392339053539409e-01
1.249092445328031715e+02,-9.325559243646670549e-01
1.249836978131212675e+02,-9.731585430674968284e-01
1.250581510934393634e+02,-9.954845435982521140e-01
1.251326043737574594e+02,-9.991146275908822094e-01
1.252070576540755411e+02,-9.839806194541160789e-01
1.252815109343936228e+02,-9.503667467581825568e-01
1.253559642147117188e+02,-8.989043022363413238e-01
1.254304174950298147e+02,-8.305597876527988088e-01
1.255048707753479107e+02,-7.466167622037409579e-01
1.255793240556660066e+02,-6.486517363509860523e-01
1.256537773359840884e+02,-5.385045638209062790e-01
1.257282306163021843e+02,-4.182438878262717541e-01
1.258026838966202661e+02,-2.901282904572538568e-01
1.258771371769383620e+02,-1.565638748834553007e-01
1.259515904572564580e+02,-2.005907700368743732e-02
1.260260437375745539e+02,1.168224447858080967e-01
1.261004970178926499e+02,2.515099569429693482e-01
1.261749502982107316e+02,3.814739310062943978e-01
1.262494035785288133e+02,5.042735499609176664e-01
1.263238568588469093e+02,6.176025485395624237e-01
1.263983101391650052e+02,7.193325265454180162e-01
1.264727634194831012e+02,8.075529217396347770e-01
1.265472166998011971e+02,8.806068915764216909e-01
1.266216699801192789e+02,9.371224298989477841e-01
1.266961232604373606e+02,9.760381342028953133e-01
1.267705765407554566e+02,9.966231395397781023e-01
1.268450298210735525e+02,9.984908446868677734e-01
1.269194831013916485e+02,9.816061727966753914e-01
1.269939363817097444e+02,9.462862301652879005e-01
1.270683896620278261e+02,8.931943507478272704e-01
1.271428429423459221e+02,8.233276382692209516e-01
1.272172962226640038e+02,7.379982398979341163e-01
1.272917495029820998e+02,6.388087031778006963e-01
1.273662027833001957e+02,5.276218790309166184e-01
1.274406560636182917e+02,4.065259360760278273e-01
1.275151093439363734e+02,2.777951433181110596e-01
1.275895626242544694e+02,1.438471577394458412e-01
1.276640159045725511e+02,7.197618959742056038e-03
1.277384691848906471e+02,-1.295870962867485543e-01
1.278129224652087430e+02,-2.639380725543927775e-01
1.278873757455268390e+02,-3.933321017680199705e-01
1.279618290258449349e+02,-5.153390708874370230e-01
1.280362823061630024e+02,-6.276676011801519683e-01
1.281107355864810984e+02,-7.282080819639022984e-01
1.281851888667991943e+02,-8.150722906143155200e-01
1.282596421471172903e+02,-8.866288547454300728e-01
1.283340954274353862e+02,-9.415338905577905759e-01
1.284085487077534822e+02,-9.787562419438797789e-01
1.284830019880715781e+02,-9.975968463423128263e-01
1.285574552683896741e+02,-9.977018636361075776e-01
1.286319085487077416e+02,-9.790693215248675862e-01
1.287063618290258376e+02,-9.420491525660041887e-01
1.287808151093439335e+02,-8.873366221893354000e-01
1.288552683896620294e+02,-8.159592711116805397e-01
1.289297216699800970e+02,-7.292576173823064334e-01
1.290041749502981929e+02,-6.288599804887083922e-01
1.290786282306162889e+02,-5.166519003441455427e-01
1.291530815109343848e+02,-3.947407254903667062e-01
1.292275347912524808e+02,-2.654160355745773248e-01
1.293019880715705767e+02,-1.311066413950287279e-01
1.293764413518886727e+02,5.665029914664575228e-03
1.294508946322067686e+02,1.423303078833947910e-01
1.295253479125248361e+02,2.763225201836071454e-01
1.295998011928429321e+02,4.051251965857712301e-01
1.296742544731610280e+02,5.263193300813031605e-01
1.297487077534791240e+02,6.376288075760184748e-01
1.298231610337972199e+02,7.369631569329812004e-01
1.298976143141152875e+02,8.224568075445016779e-01
1.299720675944333834e+02,8.925041270914737535e-01
1.300465208747514794e+02,9.457895764744800315e-01
1.301209741550695753e+02,9.813124165853472913e-01
1.301954274353876713e+02,9.984055029081906341e-01
1.302698807157057672e+02,9.967478149738066007e-01
1.303443339960238632e+02,9.763704853552389595e-01
1.304187872763419591e+02,9.376562149756394460e-01
1.304932405566600266e+02,8.813320857093634997e-01
1.305676938369781226e+02,8.084559052608262242e-01
1.306421471172962185e+02,7.203963407741281744e-01
1.307166003976143145e+02,6.188072142785651097e-01
1.307910536779324104e+02,5.055964427200660971e-01
1.308655069582504780e+02,3.828902059071324082e-01
1.309399602385685739e+02,2.529930153230552370e-01
1.310144135188866699e+02,1.183444337408717101e-01
1.310888667992047658e+02,-1.852674152214668288e-02
1.311633200795228618e+02,-1.550499712389998286e-01
1.312377733598409577e+02,-2.886612508505865815e-01
1.313122266401590537e+02,-4.168512643175635302e-01
1.313866799204771496e+02,-5.372125108824241657e-01
1.314611332007952171e+02,-6.474845196672713854e-01
1.315355864811133131e+02,-7.455963029445806800e-01
1.316100397614314090e+02,-8.297052507779604236e-01
1.316844930417495050e+02,-8.982317365635480444e-01
1.317589463220675725e+02,-9.498887835550574588e-01
1.318333996023856685e+02,-9.837062352137765364e-01
1.319078528827037644e+02,-9.990489754469349393e-01
1.319823061630218604e+02,-9.956288565452490191e-01
1.320567594433399563e+02,-9.735101108043858753e-01
1.321312127236580523e+02,-9.331081441961993628e-01
1.322056660039761482e+02,-8.751817347454614593e-01
1.322801192842942442e+02,-8.008187821321905986e-01
1.323545725646123117e+02,-7.114158761523073915e-01
1.324290258449304076e+02,-6.086520677556370718e-01
1.325034791252485036e+02,-4.944573352600536986e-01
1.325779324055665995e+02,-3.709763379689686724e-01
1.326523856858846955e+02,-2.405281379253275675e-01
1.327268389662027630e+02,-1.055626462565783380e-01
1.328012922465208590e+02,3.138538792038728098e-02
1.328757455268389549e+02,1.677439819128221932e-01
1.329501988071570509e+02,3.009522231390774905e-01
1.330246520874751468e+02,4.285083649108984982e-01
1.330991053677932427e+02,5.480168110376397728e-01
1.331735586481113387e+02,6.572331068477001992e-01
1.332480119284294346e+02,7.541060916633993694e-01
1.333224652087475022e+02,8.368164210754647225e-01
1.333969184890655981e+02,9.038107355410761601e-01
1.334713717693836941e+02,9.538308335945934191e-01
1.335458250497017900e+02,9.859373017770621805e-01
1.336202783300198860e+02,9.995271574974085027e-01
1.336947316103379535e+02,9.943451734796823205e-01
1.337691848906560494e+02,9.704886711150800815e-01
1.338436381709741454e+02,9.284056926961397060e-01
1.339180914512922413e+02,8.688865868598698583e-01
1.339925447316103373e+02,7.930491652712474693e-01
1.340669980119284332e+02,7.023177093152571659e-01
1.341414512922465292e+02,5.983962210669124815e-01
1.342159045725646251e+02,4.832364209053015003e-01
1.342903578528826927e+02,3.590010927995111456e-01
1.343648111332007886e+02,2.280234656683511052e-01
1.344392644135188846e+02,9.276339366119258634e-02
1.345137176938369805e+02,-4.423884167420160524e-02
1.345881709741550480e+02,-1.804102397083009457e-01
1.346626242544731440e+02,-3.131934035343465483e-01
1.347370775347912399e+02,-4.400945697237411691e-01
1.348115308151093359e+02,-5.587304429988996235e-01
1.348859840954274318e+02,-6.668729562346790152e-01
1.349604373757455278e+02,-7.624911151633324558e-01
1.350348906560636237e+02,-8.437891419092971024e-01
1.351093439363817197e+02,-9.092402009907658567e-01
1.351837972166997872e+02,-9.576150743894502604e-01
1.352582504970178832e+02,-9.880052471500756495e-01
1.353327037773359791e+02,-9.998399699454270095e-01
1.354071570576540751e+02,-9.928969781596881372e-01
1.354816103379721710e+02,-9.673066661779713415e-01
1.355560636182902385e+02,-9.235496384858721264e-01
1.356305168986083345e+02,-8.624476835711663014e-01
1.357049701789264304e+02,-7.851483401442712617e-01
1.357794234592445264e+02,-6.931033455349669969e-01
1.358538767395626223e+02,-5.880413710200037558e-01
1.359283300198807183e+02,-4.719355561317763459e-01
1.360027833001988142e+02,-3.469664516771254203e-01
1.360772365805169102e+02,-2.154810674230559497e-01
1.361516898608349777e+02,-7.994879356332322551e-02
1.362261431411530737e+02,5.708497620751665919e-02
1.363005964214711696e+02,1.930466490205288155e-01
1.363750497017892656e+02,3.253827667596212447e-01
1.364495029821073615e+02,4.516079618436101284e-01
1.365239562624254290e+02,5.693516342190099166e-01
1.365984095427435250e+02,6.764024729360140764e-01
1.366728628230616209e+02,7.707499861604104607e-01
1.367473161033797169e+02,8.506222596579039452e-01
1.368217693836978128e+02,9.145192346193228294e-01
1.368962226640159088e+02,9.612408798451883563e-01
1.369706759443340047e+02,9.899097291957357214e-01
1.370451292246521007e+02,9.999873610368488208e-01
1.371195825049701682e+02,9.912845101860443542e-01
1.371940357852882642e+02,9.639646224488818138e-01
1.372684890656063601e+02,9.185407849890436793e-01
1.373429423459244560e+02,8.558660901819481470e-01
1.374173956262425236e+02,7.771176139256599225e-01
1.374918489065606195e+02,6.837743093079587942e-01
1.375663021868787155e+02,5.775892308024146438e-01
1.376407554671968114e+02,4.605566106430685758e-01
1.377152087475149074e+02,3.348744057071088576e-01
1.377896620278330033e+02,2.029030183020551770e-01
1.378641153081510993e+02,6.712096611079007569e-02
1.379385685884691952e+02,-6.992166615520861717e-02
1.380130218687872627e+02,-2.056511191829653862e-01
1.380874751491053587e+02,-3.375182961111676816e-01
1.381619284294234546e+02,-4.630466364047260419e-01
1.382363817097415506e+02,-5.798786274448970435e-01
1.383108349900596465e+02,-6.858200803138156942e-01
1.383852882703777141e+02,-7.788813382423218634e-01
1.384597415506958100e+02,-8.573146437967595901e-01
1.385341948310139060e+02,-9.196469630220718283e-01
1.386086481113320019e+02,-9.647076500801510246e-01
1.386831013916500979e+02,-9.916504328216144692e-01
1.387575546719681938e+02,-9.999693063861372355e-01
1.388320079522862898e+02,-9.895080363380832633e-01
1.389064612326043857e+02,-9.604630928617049479e-01
1.389809145129224532e+02,-9.133799609096122651e-01
1.390553677932405492e+02,-8.491428956025807162e-01
1.391298210735586451e+02,-7.689583152816655831e-01
1.392042743538767411e+02,-6.743321441030624142e-01
1.392787276341948086e+02,-5.670415296980966247e-01
1.393531809145129046e+02,-4.491014670610536386e-01
1.394276341948310005e+02,-3.227269554922664319e-01
1.395020874751490965e+02,-1.902913993163220241e-01
1.395765407554671924e+02,-5.428203363985007607e-02
1.396509940357852884e+02,8.274678771473990835e-02
1.397254473161033843e+02,2.182215648133333519e-01
1.397999005964214803e+02,3.495979837919495625e-01
1.398743538767395762e+02,4.744087009031678348e-01
1.399488071570576437e+02,5.903096810083413581e-01
1.400232604373757397e+02,6.951242202453488117e-01
1.400977137176938356e+02,7.868838260944837071e-01
1.401721669980119032e+02,8.638651870854091586e-01
1.402466202783299991e+02,9.246225378274591788e-01
1.403210735586480951e+02,9.680148115247149132e-01
1.403955268389661910e+02,9.932270700320687817e-01
1.404699801192842870e+02,9.997858089803951520e-01
1.405444333996023829e+02,9.875678505295538701e-01
1.406188866799204789e+02,9.568026567369239954e-01
1.406933399602385748e+02,9.080680200947396363e-01
1.407677932405566708e+02,8.422792121710397373e-01
1.408422465208747667e+02,7.606717941505695135e-01
1.409166998011928342e+02,6.647784121060519302e-01
1.409911530815109302e+02,5.564000128013429913e-01
1.410656063618290261e+02,4.375720206144163571e-01
1.411400596421470937e+02,3.105261108019152783e-01
1.412145129224651896e+02,1.776482970308911058e-01
1.412889662027832856e+02,4.143412032406146306e-02
1.413634194831013815e+02,-9.555821899753766391e-02
1.414378727634194775e+02,-2.307559061586405280e-01
1.415123260437375734e+02,-3.616198312438141382e-01
1.415867793240556693e+02,-4.856922755099833400e-01
1.416612326043737653e+02,-6.006430691141326772e-01
1.417356858846918612e+02,-7.043133533808219049e-01
1.418101391650099288e+02,-7.947561257226204434e-01
1.418845924453280247e+02,-8.702728057506591286e-01
1.419590457256461207e+02,-9.294451358374142824e-01
1.420334990059642166e+02,-9.711618170161847585e-01
1.421079522862822841e+02,-9.946393799758884713e-01
1.421824055666003801e+02,-9.994368991788706857e-01
1.422568588469184760e+02,-9.854642737599941249e-01
1.423313121272365720e+02,-9.529839196857644579e-01
1.424057654075546679e+02,-9.026058413935236224e-01
1.424802186878727639e+02,-8.352761754688766693e-01
1.425546719681908598e+02,-7.522594215193377787e-01
1.426291252485089558e+02,-6.551146939611853792e-01
1.427035785288270517e+02,-5.456664407280663598e-01
1.427780318091451193e+02,-4.259701788250896959e-01
1.428524850894632152e+02,-2.982738902393729519e-01
1.429269383697813112e+02,-1.649758032196407820e-01
1.430013916500993787e+02,-2.857935182284375777e-02
1.430758449304174746e+02,1.083538403800556743e-01
1.431502982107355706e+02,2.432520694392704963e-01
1.432247514910536665e+02,3.735818494781491528e-01
1.432992047713717625e+02,4.968954933822027908e-01
1.433736580516898584e+02,6.108770821255988803e-01
1.434481113320079544e+02,7.133859593980684810e-01
1.435225646123260503e+02,8.024969346718160423e-01
1.435970178926441463e+02,8.765364396658851254e-01
1.436714711729622422e+02,9.341139591635460038e-01
1.437459244532803098e+02,9.741481458893208600e-01
1.438203777335984057e+02,9.958871289894533074e-01
1.438948310139165017e+02,9.989226347079344093e-01
1.439692842942345692e+02,9.831976540616226279e-01
1.440437375745526651e+02,9.490075135099970138e-01
1.441181908548707611e+02,8.969943285115951070e-01
1.441926441351888570e+02,8.281349441333398786e-01
1.442670974155069530e+02,7.437225891967945701e-01
1.443415506958250489e+02,6.453425885096907288e-01
1.444160039761431449e+02,5.348425893245090101e-01
1.444904572564612408e+02,4.142978611926589894e-01
1.445649105367793368e+02,2.859723209079836903e-01
1.446393638170974043e+02,1.522760145192136316e-01
1.447138170974155003e+02,1.571985492979205770e-02
1.447882703777335962e+02,-1.211315348544614867e-01
1.448627236580516922e+02,-2.557079871920848180e-01
1.449371769383697597e+02,-3.854820594049567228e-01
1.450116302186878556e+02,-5.080165009717041436e-01
1.450860834990059516e+02,-6.210100268474620933e-01
1.451605367793240475e+02,-7.223405372540813163e-01
1.452349900596421435e+02,-8.101049722420025079e-01
1.453094433399602394e+02,-8.826550525264279523e-01
1.453838966202783354e+02,-9.386282353591511862e-01
1.454583499005964313e+02,-9.769733040624819509e-01
1.455328031809145273e+02,-9.969701106353927589e-01
1.456072564612325948e+02,-9.982431006515288807e-01
1.456817097415506908e+02,-9.807683664417572444e-01
1.457561630218687867e+02,-9.448740960974074676e-01
1.458306163021868542e+02,-8.912344098616016286e-01
1.459050695825049502e+02,-8.208566996656804227e-01
1.459795228628230461e+02,-7.350627095833500713e-01
1.460539761431411421e+02,-6.354637125252410312e-01
1.461284294234592380e+02,-5.239302493734329103e-01
1.462028827037773340e+02,-4.025569988767853102e-01
1.462773359840954299e+02,-2.736234380757386342e-01
1.463517892644135259e+02,-1.395510320821325145e-01
1.464262425447316218e+02,-2.857757220803650369e-03
1.465006958250497178e+02,1.338891883788906889e-01
1.465751491053677853e+02,2.681215986124805828e-01
1.466496023856858812e+02,3.973184921602896380e-01
1.467240556660039772e+02,5.190534583318785478e-01
1.467985089463220447e+02,6.310402268059740472e-01
1.468729622266401407e+02,7.311756054333566901e-01
1.469474155069582366e+02,8.175789796998488290e-01
1.470218687872763326e+02,8.886276320210474422e-01
1.470963220675944285e+02,9.429872175470148665e-01
1.471707753479125245e+02,9.796368241193695869e-01
1.472452286282306204e+02,9.978881457367398955e-01
1.473196819085487164e+02,9.973984094370912379e-01
1.473941351888668123e+02,9.781768128207709578e-01
1.474685884691848798e+02,9.405843513129505951e-01
1.475430417495029758e+02,8.853270384096031398e-01
1.476174950298210717e+02,8.134426462356751930e-01
1.476919483101391677e+02,7.262812154373223805e-01
1.477664015904572352e+02,6.254797004464625054e-01
1.478408548707753312e+02,5.129312262978382719e-01
1.479153081510934271e+02,3.907495343776988816e-01
1.479897614314115231e+02,2.612292848385450172e-01
1.480642147117296190e+02,1.268029612291694530e-01
1.481386679920477150e+02,-1.000481329792481285e-02
1.482131212723658109e+02,-1.466246902272107244e-01
1.482875745526839069e+02,-2.804908498953457285e-01
1.483620278330020028e+02,-4.090891894319954591e-01
1.484364811133200703e+02,-5.300045394220451733e-01
1.485109343936381663e+02,-6.409660225262847622e-01
1.485853876739562622e+02,-7.398897021930080919e-01
1.486598409542743298e+02,-8.249177204870155045e-01
1.487342942345924257e+02,-8.944531899994073720e-01
1.488087475149105217e+02,-9.471901845429787636e-01
1.488832007952286176e+02,-9.821382653863618417e-01
1.489576540755467136e+02,-9.986410824065765635e-01
1.490321073558648095e+02,-9.963887008169527437e-01
1.491065606361829055e+02,-9.754234219655949500e-01
1.491810139165010014e+02,-9.361389888856060937e-01
1.492554671968190974e+02,-8.792731915174064605e-01
1.493299204771371933e+02,-8.058940104823995032e-01
1.494043737574552608e+02,-7.173795596378903516e-01
1.494788270377733568e+02,-6.153922041065205129e-01
1.495532803180914527e+02,-5.018473398622604886e-01
1.496277335984095203e+02,-3.788774212148169895e-01
1.497021868787276162e+02,-2.487919117822006143e-01
1.497766401590457122e+02,-1.140339111010248291e-01
1.498510934393638081e+02,2.286572854197134116e-02
1.499255467196819041e+02,1.593359333382357301e-01
1.500000000000000000e+02,2.928136945748569531e-01
